submission_id,household_id,enum_name,start_time,end_time,submission_date,district,subcounty,gps_lat,gps_lon,hh_size,gender_hh_head,age_hh_head,plot_area_acres,trees_per_acre,coffee_varieties,yield_kg,price_per_kg,uses_fertilizer,fertilizer_type,training_attended,training_topics,satisfaction_1,satisfaction_2,satisfaction_3,satisfaction_4,satisfaction_5,coffee_varieties__KR1,coffee_varieties__KR10,coffee_varieties__KR2,coffee_varieties__KR3,coffee_varieties__KR5,coffee_varieties__KR6,coffee_varieties__KR7,coffee_varieties__KR9,coffee_varieties__count,training_topics__pest_scouting,training_topics__post_harvest,training_topics__pruning,training_topics__shade_mgmt,training_topics__stumping,training_topics__count
uuid:00030,HH-IBA-0030,A. Tumusiime,2026-05-22 10:42:00,2026-05-22 11:19:00,2026-05-22,ibanda,rukiri,-0.05917,30.45146,6.0,male,71.0,3.71,468.0,KR2 KR6 KR7 KR9,2622.6,5178.0,False,,False,,4,3,1,1,2,0,0,1,0,0,1,1,1,4,0,0,0,0,0,0
uuid:00199,HH-KIR-0199,B. Nakato,2026-05-04 14:53:00,2026-05-04 15:37:00,2026-05-04,kiruhura,kicuzi,-0.12488,30.78751,3.0,female,73.0,1.63,293.0,KR3 KR6,527.8,6220.0,True,dap,False,,1,2,4,5,5,0,0,0,1,0,1,0,0,2,0,0,0,0,0,0
uuid:00027,HH-IBA-0027,D. Mugisha,2026-05-08 12:37:00,2026-05-08 13:18:00,2026-05-08,ibanda,rukiri,-0.26629,30.54841,9.0,female,49.0,2.74,514.0,KR1,1412.2,5859.0,False,,False,,3,3,3,3,3,1,0,0,0,0,0,0,0,1,0,0,0,0,0,0
uuid:00235,HH-KIR-0235,B. Nakato,2026-05-17 10:34:00,2026-05-17 11:16:00,2026-05-17,kiruhura,bisheshe,-0.22486,30.81982,8.0,male,42.0,2.17,638.0,KR10 KR7,1132.6,5273.0,True,organic,True,pruning shade_mgmt,1,5,3,5,4,0,1,0,0,0,0,1,0,2,0,0,1,1,0,2
uuid:00282,HH-IBA-0282,A. Tumusiime,2026-05-21 16:09:00,2026-05-21 16:49:00,2026-05-21,ibanda,kicuzi,-0.05901,30.54313,6.0,female,49.0,5.85,487.0,KR1 KR5 KR7,3189.1,6109.0,False,,False,,3,4,5,5,4,1,0,0,0,1,0,1,0,3,0,0,0,0,0,0
uuid:00000,HH-IBA-0000,A. Tumusiime,2026-05-26 13:41:00,2026-05-26 14:16:00,,ibanda,nyamarebe,-0.12051,30.41626,6.0,male,28.0,1.28,390.0,KR7 KR9,805.9,4297.0,False,,False,,5,1,3,5,2,0,0,0,0,0,0,1,1,2,0,0,0,0,0,0
uuid:00066,HH-IBA-0066,A. Tumusiime,2026-05-06 09:27:00,2026-05-06 09:50:00,2026-05-06,ibanda,rukiri,-0.23144,30.58613,9.0,male,47.0,1.92,428.0,KR10 KR2 KR3,533.3,3434.0,False,,True,post_harvest pruning shade_mgmt stumping,5,5,5,4,1,0,1,1,1,0,0,0,0,3,0,1,1,1,1,4
uuid:00273,HH-IBA-0273,D. Mugisha,2026-05-06 15:50:00,2026-05-06 16:35:00,2026-05-06,ibanda,kicuzi,-0.05952,30.66557,8.0,male,60.0,3.95,512.0,KR2 KR7 KR9,2940.1,6151.0,True,organic,False,,4,4,4,4,4,0,0,1,0,0,0,1,1,3,0,0,0,0,0,0
uuid:00407,HH-RUB-0407,F. Byaruhanga,2026-05-13 10:45:00,2026-05-13 11:27:00,2026-05-13,rubirizi,rukiri,-0.29207,29.96675,6.0,male,45.0,1.48,646.0,KR1,1153.7,5570.0,False,,True,post_harvest shade_mgmt stumping,4,2,5,1,2,1,0,0,0,0,0,0,0,1,0,1,0,1,1,3
uuid:00324,HH-IBA-0324,A. Tumusiime,2026-05-16 09:05:00,2026-05-16 09:47:00,2026-05-16,ibanda,rukiri,-0.16746,30.42969,7.0,male,27.0,1.75,439.0,KR2 KR3,1238.5,5396.0,True,dap,True,pest_scouting shade_mgmt stumping,1,4,5,5,2,0,0,1,1,0,0,0,0,2,1,0,0,1,1,3
uuid:00078,HH-IBA-0078,A. Tumusiime,2026-05-11 09:44:00,2026-05-11 10:29:00,2026-05-11,ibanda,rukiri,-0.16681,30.4523,,female,54.0,1.33,582.0,KR1 KR10,716.4,5349.0,False,,False,,1,5,1,1,3,1,1,0,0,0,0,0,0,2,0,0,0,0,0,0
uuid:00214,HH-KIR-0214,E. Ainembabazi,2026-05-16 13:06:00,2026-05-16 13:43:00,2026-05-16,kiruhura,bisheshe,0.02049,30.89098,7.0,male,44.0,1.09,569.0,KR1 KR10 KR5 KR7,550.0,5096.0,True,dap,False,,4,1,3,1,5,1,1,0,0,1,0,1,0,4,0,0,0,0,0,0
uuid:00107,HH-RUB-0107,F. Byaruhanga,2026-05-17 13:14:00,2026-05-17 14:00:00,2026-05-17,rubirizi,rukiri,-0.29377,30.0409,6.0,male,,1.27,,KR1 KR5 KR6 KR7,801.7,,False,,True,pest_scouting post_harvest pruning shade_mgmt,2,5,1,1,5,1,0,0,0,1,1,1,0,4,1,1,1,1,0,4
uuid:00397,HH-KIR-0397,B. Nakato,2026-05-26 11:17:00,2026-05-26 11:58:00,2026-05-26,kiruhura,kicuzi,-0.16371,30.77498,6.0,male,47.0,0.87,465.0,KR2 KR6 KR7,663.7,5063.0,True,dap,False,,2,5,1,5,1,0,0,1,0,0,1,1,0,3,0,0,0,0,0,0
uuid:00069,HH-IBA-0069,D. Mugisha,2026-05-05 14:41:00,2026-05-05 15:22:00,2026-05-05,ibanda,nyamarebe,-0.26627,30.63494,4.0,male,80.0,0.87,395.0,KR5 KR7,643.3,5318.0,False,,False,,3,3,3,3,3,0,0,0,0,1,0,1,0,2,0,0,0,0,0,0
uuid:00219,HH-IBA-0219,D. Mugisha,2026-05-24 08:05:00,2026-05-24 08:47:00,2026-05-24,ibanda,kicuzi,-0.1373,30.52673,4.0,male,31.0,3.45,684.0,KR5,2152.3,5331.0,True,npk,False,,5,5,5,5,5,0,0,0,0,1,0,0,0,1,0,0,0,0,0,0
uuid:00076,HH-KIR-0076,E. Ainembabazi,2026-05-07 13:41:00,2026-05-07 14:19:00,2026-05-07,kiruhura,rukiri,-0.29506,30.88852,3.0,male,63.0,2.11,464.0,KR1 KR2,1200.0,5972.0,False,,False,,5,4,2,1,1,1,0,1,0,0,0,0,0,2,0,0,0,0,0,0
uuid:00007,HH-KIR-0007,B. Nakato,2026-05-26 08:04:00,2026-05-26 08:52:00,2026-05-26,kiruhura,nyamarebe,-0.21699,30.70593,4.0,male,37.0,2.13,481.0,KR1 KR5 KR6 KR7,1083.9,4182.0,False,,False,,1,4,5,5,2,1,0,0,0,1,1,1,0,4,0,0,0,0,0,0
uuid:00124,HH-KIR-0124,E. Ainembabazi,2026-05-04 10:42:00,2026-05-04 11:21:00,2026-05-04,kiruhura,bisheshe,-0.09054,30.86331,4.0,male,47.0,3.41,369.0,KR10 KR5 KR7 KR9,1950.0,4423.0,False,,True,pest_scouting pruning shade_mgmt stumping,2,5,1,4,3,0,1,0,0,1,0,1,1,4,1,0,1,1,1,4
uuid:00286,HH-KIR-0286,E. Ainembabazi,2026-05-24 08:57:00,2026-05-24 09:49:00,2026-05-24,kiruhura,nyamarebe,-0.13429,30.83671,6.0,male,42.0,4.15,497.0,KR2 KR3 KR9,3400.0,6338.0,True,organic,True,pest_scouting post_harvest,4,4,2,4,5,0,0,1,1,0,0,0,1,3,1,1,0,0,0,2
uuid:00110,HH-RUB-0110,C. Kyomuhendo,2026-05-14 09:53:00,2026-05-14 09:56:00,2026-05-14,rubirizi,bisheshe,-0.15307,30.1086,8.0,male,46.0,2.74,504.0,KR9,1528.1,5523.0,True,npk,True,pest_scouting post_harvest,4,5,5,3,4,0,0,0,0,0,0,0,1,1,1,1,0,0,0,2
uuid:00125,HH-RUB-0125,F. Byaruhanga,2026-05-16 12:35:00,2026-05-16 13:12:00,2026-05-16,rubirizi,kicuzi,-0.33866,30.18254,4.0,male,,3.07,,KR10 KR5 KR6 KR7,1313.4,,True,dap,False,,5,1,3,1,4,0,1,0,0,1,1,1,0,4,0,0,0,0,0,0
uuid:00223,HH-KIR-0223,B. Nakato,2026-05-17 10:58:00,2026-05-17 11:43:00,2026-05-17,kiruhura,bisheshe,-0.21039,30.85024,7.0,male,32.0,1.77,531.0,KR1 KR10 KR9,1005.3,5418.0,True,dap,True,pest_scouting pruning,2,3,4,1,4,1,1,0,0,0,0,0,1,3,1,0,1,0,0,2
uuid:00376,HH-KIR-0376,E. Ainembabazi,2026-05-06 12:03:00,2026-05-06 12:51:00,2026-05-06,kiruhura,rukiri,-0.10825,30.68842,1.0,male,51.0,1.49,530.0,KR1 KR3 KR9,600.0,6553.0,False,,True,post_harvest pruning stumping,1,3,2,5,2,1,0,0,1,0,0,0,1,3,0,1,1,0,1,3
uuid:00293,HH-RUB-0293,F. Byaruhanga,2026-05-25 16:02:00,2026-05-25 16:35:00,2026-05-25,rubirizi,rukiri,-0.27836,30.01668,6.0,male,46.0,1.14,610.0,KR10,670.9,5388.0,False,,True,pest_scouting shade_mgmt,1,5,4,1,1,0,1,0,0,0,0,0,0,1,1,0,0,1,0,2
uuid:00274,HH-KIR-0274,E. Ainembabazi,2026-05-26 09:32:00,2026-05-26 10:13:00,2026-05-26,kiruhura,kicuzi,-0.09801,30.93289,9.0,male,55.0,3.66,440.0,KR3 KR5 KR9,2050.0,4846.0,False,,False,,4,2,3,3,1,0,0,0,1,1,0,0,1,3,0,0,0,0,0,0
uuid:00340,HH-KIR-0340,E. Ainembabazi,2026-05-27 15:41:00,2026-05-27 16:24:00,2026-05-27,kiruhura,nyamarebe,-0.2421,30.83428,5.0,male,24.0,2.06,326.0,KR1 KR5 KR9,1650.0,5043.0,True,npk,False,,4,4,2,1,5,1,0,0,0,1,0,0,1,3,0,0,1,1,0,2
uuid:00061,HH-KIR-0061,B. Nakato,2026-05-22 09:00:00,2026-05-22 09:32:00,2026-05-22,kiruhura,rukiri,-0.07597,30.85958,4.0,male,52.0,2.89,734.0,KR1,1464.2,6178.0,False,,True,pest_scouting pruning shade_mgmt,5,2,3,2,4,1,0,0,0,0,0,0,0,1,1,0,1,1,0,3
uuid:00395,HH-RUB-0395,F. Byaruhanga,2026-05-12 11:06:00,2026-05-12 11:33:00,2026-05-12,rubirizi,kicuzi,-0.20304,30.19299,6.0,male,38.0,3.15,396.0,KR3,2149.2,4923.0,True,organic,False,,3,4,5,3,1,0,0,0,1,0,0,0,0,1,0,0,0,0,0,0
uuid:00352,HH-KIR-0352,E. Ainembabazi,2026-05-14 10:36:00,2026-05-14 11:17:00,2026-05-14,kiruhura,rukiri,-0.22825,30.61081,6.0,male,68.0,2.86,468.0,KR7 KR9,1850.0,4684.0,True,dap,True,pest_scouting,2,2,4,3,5,0,0,0,0,0,0,1,1,2,1,0,0,0,0,1
uuid:00263,HH-RUB-0263,F. Byaruhanga,2026-05-09 13:13:00,2026-05-09 13:50:00,2026-05-09,rubirizi,bisheshe,-0.2793,30.02273,6.0,female,41.0,6.69,528.0,KR3 KR5,1349.7,5366.0,True,organic,False,,2,5,5,1,2,0,0,0,1,1,0,0,0,2,0,0,0,0,0,0
uuid:00361,HH-KIR-0361,B. Nakato,2026-05-27 13:07:00,2026-05-27 13:44:00,2026-05-27,kiruhura,rukiri,-0.15772,30.69563,7.0,female,42.0,2.19,541.0,KR1 KR10 KR7,934.8,6354.0,True,organic,False,,4,2,3,4,1,1,1,0,0,0,0,1,0,3,0,0,0,0,0,0
uuid:00231,HH-IBA-0231,D. Mugisha,2026-05-22 09:03:00,2026-05-22 09:52:00,2026-05-22,ibanda,nyamarebe,-0.16449,30.56529,5.0,female,73.0,1.48,451.0,KR1 KR3 KR7,627.1,4659.0,False,,False,,3,3,3,3,3,1,0,0,1,0,0,1,0,3,0,0,0,0,0,0
uuid:00405,HH-IBA-0405,D. Mugisha,2026-05-23 11:09:00,2026-05-23 11:43:00,2026-05-23,ibanda,kicuzi,0.00449,30.60313,4.0,male,41.0,1.4,429.0,KR10 KR2 KR6 KR9,909.9,3530.0,True,dap,True,post_harvest pruning stumping,5,5,5,5,5,0,1,1,0,0,1,0,1,4,0,1,1,0,1,3
uuid:00012,HH-IBA-0012,A. Tumusiime,2026-05-09 10:51:00,2026-05-09 11:39:00,2026-05-09,ibanda,rukiri,-0.08027,30.51941,3.0,female,37.0,2.42,395.0,KR9,1938.2,4310.0,False,,True,pruning,3,3,1,5,1,0,0,0,0,0,0,0,1,1,0,0,1,0,0,1
uuid:00097,HH-KIR-0097,B. Nakato,2026-05-06 12:06:00,2026-05-06 12:45:00,2026-05-06,kiruhura,bisheshe,-0.23059,30.98021,8.0,female,52.0,1.72,492.0,KR3 KR9,859.1,5186.0,True,organic,False,,2,5,1,1,2,0,0,0,1,0,0,0,1,2,0,0,0,0,0,0
uuid:00135,HH-IBA-0135,D. Mugisha,2026-05-23 10:06:00,2026-05-23 10:43:00,2026-05-23,ibanda,rukiri,-0.16839,30.42885,2.0,male,45.0,1.53,553.0,KR1 KR5 KR7 KR9,744.2,5379.0,False,,True,shade_mgmt,2,4,4,5,2,1,0,0,0,1,0,1,1,4,0,0,0,1,0,1
uuid:00018,HH-IBA-0018,A. Tumusiime,2026-05-16 12:54:00,2026-05-16 13:26:00,2026-05-16,ibanda,bisheshe,0.88,34.02,8.0,female,39.0,3.47,499.0,KR1 KR2,1718.7,4927.0,True,dap,False,,1,4,4,5,5,1,0,1,0,0,0,0,0,2,0,0,0,0,0,0
uuid:00413,HH-RUB-0413,F. Byaruhanga,2026-05-19 14:13:00,2026-05-19 14:47:00,2026-05-19,rubirizi,rukiri,-0.20769,30.16208,9.0,male,54.0,0.83,437.0,KR9,589.5,4581.0,True,organic,False,,4,3,4,5,5,0,0,0,0,0,0,0,1,1,0,0,0,0,0,0
uuid:00295,HH-KIR-0295,B. Nakato,2026-05-06 08:35:00,2026-05-06 09:05:00,2026-05-06,kiruhura,nyamarebe,-0.11782,30.99725,6.0,male,44.0,1.05,374.0,KR1 KR10,703.3,4588.0,True,organic,False,,5,2,1,5,5,1,1,0,0,0,0,0,0,2,0,0,0,0,0,0
uuid:00271,HH-KIR-0271,B. Nakato,2026-05-23 09:35:00,2026-05-23 10:09:00,2026-05-23,kiruhura,nyamarebe,-0.34205,30.84157,1.0,male,39.0,3.14,485.0,KR10 KR2 KR5,1611.4,5254.0,False,,True,pest_scouting pruning,4,3,4,1,4,0,1,1,0,1,0,0,0,3,1,0,1,0,0,2
uuid:00392,HH-RUB-0392,C. Kyomuhendo,2026-05-13 12:35:00,2026-05-13 12:42:00,2026-05-13,rubirizi,nyamarebe,-0.1639,30.10867,8.0,female,55.0,3.69,401.0,KR3 KR6 KR7 KR9,2297.8,5263.0,True,dap,True,pest_scouting,4,3,4,5,5,0,0,0,1,0,1,1,1,4,1,0,0,0,0,1
uuid:00357,HH-IBA-0357,D. Mugisha,2026-05-20 16:20:00,2026-05-20 17:12:00,2026-05-20,ibanda,nyamarebe,-0.09046,30.46571,6.0,male,39.0,0.58,514.0,KR10 KR2 KR5,361.8,5325.0,False,,False,,4,4,4,4,4,0,1,1,0,1,0,0,0,3,0,0,0,0,0,0
uuid:00051,HH-IBA-0051,D. Mugisha,2026-05-13 13:25:00,2026-05-13 13:45:00,2026-05-13,ibanda,rukiri,-0.13987,30.35587,9.0,male,31.0,3.7,523.0,KR3 KR6 KR9,3400.0,5390.0,True,organic,False,,1,4,5,5,2,0,0,0,1,0,1,0,1,3,0,0,0,0,0,0
uuid:00185,HH-RUB-0185,F. Byaruhanga,2026-05-13 08:21:00,2026-05-13 09:10:00,2026-05-13,rubirizi,rukiri,-0.34694,30.15387,10.0,female,,3.74,,KR1,2135.4,,False,,True,pest_scouting pruning shade_mgmt stumping,1,5,1,4,4,1,0,0,0,0,0,0,0,1,1,0,1,1,1,4
uuid:00294,HH-IBA-0294,A. Tumusiime,2026-05-05 16:50:00,2026-05-05 17:26:00,2026-05-05,ibanda,kicuzi,-0.18914,30.44192,6.0,female,47.0,2.79,496.0,KR1 KR2 KR5 KR9,1729.2,5190.0,False,,False,,2,1,4,2,1,1,0,1,0,1,0,0,1,4,0,0,1,1,0,2
uuid:00133,HH-KIR-0133,B. Nakato,2026-05-09 11:06:00,2026-05-09 11:54:00,2026-05-09,kiruhura,kicuzi,-0.30235,30.84964,5.0,male,36.0,1.45,551.0,KR6,1062.2,4871.0,False,,False,,4,2,5,3,5,0,0,0,0,0,1,0,0,1,0,0,0,0,0,0
uuid:00183,HH-IBA-0183,D. Mugisha,2026-05-15 15:55:00,2026-05-15 16:37:00,2026-05-15,ibanda,nyamarebe,-0.13226,30.60731,11.0,male,54.0,1.68,671.0,KR1 KR3 KR5 KR9,1096.7,4650.0,False,,False,,5,5,5,5,5,1,0,0,1,1,0,0,1,4,0,0,0,0,0,0
uuid:00071,HH-RUB-0071,F. Byaruhanga,2026-05-12 16:38:00,2026-05-12 17:24:00,2026-05-12,rubirizi,nyamarebe,-0.29558,30.07156,7.0,male,43.0,9.49,476.0,KR10 KR6,5622.6,5554.0,False,,False,,4,5,5,1,3,0,1,0,0,0,1,0,0,2,0,0,0,0,0,0
uuid:00033,HH-IBA-0033,D. Mugisha,2026-05-05 11:15:00,2026-05-05 11:56:00,2026-05-05,ibanda,kicuzi,-0.16014,30.54488,4.0,male,32.0,1.34,350.0,KR5 KR6 KR9,973.5,4953.0,True,organic,True,pruning shade_mgmt stumping,3,3,3,3,3,0,0,0,0,1,1,0,1,3,0,0,1,1,1,3
uuid:00154,HH-KIR-0154,E. Ainembabazi,2026-05-13 14:43:00,2026-05-13 15:23:00,2026-05-13,kiruhura,nyamarebe,-0.28704,30.82892,8.0,female,48.0,0.56,344.0,KR10 KR3 KR5 KR7,400.0,3959.0,True,organic,False,,1,4,3,4,2,0,1,0,1,1,0,1,0,4,0,0,0,0,0,0
uuid:00238,HH-KIR-0238,E. Ainembabazi,2026-05-20 12:56:00,2026-05-20 13:31:00,2026-05-20,kiruhura,kicuzi,-0.24406,30.94055,8.0,male,53.0,2.02,456.0,KR10 KR2 KR3 KR9,1650.0,5631.0,True,dap,False,,1,2,4,3,5,0,1,1,1,0,0,0,1,4,0,0,0,0,0,0
uuid:00067,HH-KIR-0067,B. Nakato,2026-05-12 14:35:00,2026-05-12 15:25:00,2026-05-12,kiruhura,rukiri,-0.01623,30.94679,6.0,male,35.0,2.32,464.0,KR1 KR10 KR2 KR3,620.7,4275.0,True,npk,False,,5,4,5,4,3,1,1,1,1,0,0,0,0,4,0,0,0,0,0,0
uuid:00002,HH-RUB-0002,C. Kyomuhendo,2026-05-10 16:52:00,2026-05-10 16:59:00,2026-05-10,rubirizi,rukiri,-0.36794,30.11671,7.0,male,54.0,1.01,602.0,KR3 KR6,376.2,6206.0,True,dap,False,,4,5,4,2,4,0,0,0,1,0,1,0,0,2,0,0,0,0,0,0
uuid:00233,HH-RUB-0233,F. Byaruhanga,2026-05-15 11:04:00,2026-05-15 11:42:00,2026-05-15,rubirizi,rukiri,-0.12823,30.09491,5.0,male,38.0,3.44,581.0,KR2 KR3 KR6 KR7,2835.5,4643.0,True,dap,False,,3,5,3,1,3,0,0,1,1,0,1,1,0,4,0,0,0,0,0,0
uuid:00418,HH-KIR-0418,E. Ainembabazi,2026-05-13 09:48:00,2026-05-13 10:31:00,2026-05-13,kiruhura,bisheshe,-0.34097,30.88005,7.0,male,31.0,3.25,412.0,KR2 KR6 KR9,2150.0,4328.0,True,npk,True,pest_scouting post_harvest shade_mgmt stumping,5,5,2,1,4,0,0,1,0,0,1,0,1,3,1,1,0,1,1,4
uuid:00118,HH-KIR-0118,E. Ainembabazi,2026-05-14 13:01:00,2026-05-14 13:23:00,2026-05-14,kiruhura,nyamarebe,-0.23245,30.93102,7.0,male,46.0,1.39,482.0,KR2,750.0,5910.0,True,npk,False,,2,5,1,4,1,0,0,1,0,0,0,0,0,1,0,0,0,0,0,0
uuid:00136,HH-KIR-0136,E. Ainembabazi,2026-05-13 15:59:00,2026-05-13 16:26:00,2026-05-13,kiruhura,nyamarebe,-0.21108,30.80044,7.0,male,35.0,3.68,498.0,KR1 KR2 KR6,2750.0,6234.0,False,,False,,1,3,1,4,3,1,0,1,0,0,1,0,0,3,0,0,0,0,0,0
uuid:00058,HH-KIR-0058,E. Ainembabazi,2026-05-16 15:17:00,2026-05-16 15:41:00,2026-05-16,kiruhura,rukiri,-0.21955,30.88453,10.0,male,26.0,1.28,559.0,KR5 KR6 KR7 KR9,1000.0,5358.0,True,organic,False,,1,3,2,4,4,0,0,0,0,1,1,1,1,4,0,0,0,0,0,0
uuid:00343,HH-KIR-0343,B. Nakato,2026-05-26 09:10:00,2026-05-26 09:45:00,2026-05-26,kiruhura,bisheshe,-0.22221,30.80198,5.0,female,32.0,1.07,506.0,KR10 KR5 KR6,375.4,5845.0,True,dap,False,,4,1,5,1,1,0,1,0,0,1,1,0,0,3,0,0,0,0,0,0
uuid:00029,HH-RUB-0029,F. Byaruhanga,2026-05-05 12:11:00,2026-05-05 12:53:00,2026-05-05,rubirizi,bisheshe,-0.41279,30.07714,4.0,male,19.0,4.42,452.0,KR3,2996.5,5828.0,False,,False,,1,3,2,1,1,0,0,0,1,0,0,0,0,1,0,0,0,0,0,0
uuid:00044,HH-RUB-0044,C. Kyomuhendo,2026-05-24 16:26:00,2026-05-24 16:33:00,2026-05-24,rubirizi,nyamarebe,-0.27697,30.21702,2.0,female,37.0,1.66,561.0,KR1 KR2 KR3 KR9,1214.9,4948.0,True,organic,False,,3,4,3,5,5,1,0,1,1,0,0,0,1,4,0,0,0,0,0,0
uuid:00359,HH-RUB-0359,F. Byaruhanga,2026-05-05 15:49:00,2026-05-05 16:14:00,2026-05-05,rubirizi,nyamarebe,-0.19385,30.06128,5.0,female,,1.51,,KR1 KR5,1165.0,,False,,True,post_harvest pruning shade_mgmt stumping,4,4,5,3,2,1,0,0,0,1,0,0,0,2,0,1,1,1,1,4
uuid:00404,HH-RUB-0404,C. Kyomuhendo,2026-05-08 16:46:00,2026-05-08 16:53:00,2026-05-08,rubirizi,rukiri,-0.19467,29.98976,6.0,male,42.0,0.87,323.0,KR2 KR6,487.6,5916.0,True,dap,True,post_harvest pruning shade_mgmt,4,3,1,5,3,0,0,1,0,0,1,0,0,2,0,1,1,1,0,3
uuid:00037,HH-KIR-0037,B. Nakato,2026-05-11 13:47:00,2026-05-11 14:23:00,2026-05-11,kiruhura,rukiri,-0.25031,30.78238,7.0,female,64.0,4.07,490.0,KR9,3535.4,5725.0,False,,True,post_harvest,5,1,5,5,1,0,0,0,0,0,0,0,1,1,0,1,0,0,0,1
uuid:00377,HH-RUB-0377,F. Byaruhanga,2026-05-14 08:20:00,2026-05-14 08:57:00,2026-05-14,rubirizi,bisheshe,-0.26669,30.06278,8.0,female,51.0,3.42,576.0,KR9,1615.9,5114.0,True,organic,False,,3,5,3,4,5,0,0,0,0,0,0,0,1,1,0,0,0,0,0,0
uuid:00267,HH-IBA-0267,D. Mugisha,2026-05-27 14:27:00,2026-05-27 15:05:00,2026-05-27,ibanda,nyamarebe,-0.17694,30.4099,5.0,male,37.0,3.85,433.0,KR10 KR6,1118.5,5603.0,True,dap,False,,3,3,3,3,3,0,1,0,0,0,1,0,0,2,0,0,0,0,0,0
uuid:00167,HH-RUB-0167,F. Byaruhanga,2026-05-24 13:16:00,2026-05-24 13:48:00,2026-05-24,rubirizi,rukiri,-0.10583,30.0769,5.0,male,,2.92,,KR10 KR2 KR3 KR9,1957.7,,False,,True,post_harvest pruning stumping,3,5,2,1,1,0,1,1,1,0,0,0,1,4,0,1,1,0,1,3
uuid:00252,HH-IBA-0252,A. Tumusiime,2026-05-10 11:34:00,2026-05-10 12:15:00,2026-05-10,ibanda,kicuzi,-0.11291,30.71156,3.0,male,57.0,3.65,497.0,KR9,2358.4,5659.0,True,organic,False,,5,5,5,2,2,0,0,0,0,0,0,0,1,1,0,0,0,0,0,0
uuid:00207,HH-IBA-0207,D. Mugisha,2026-05-17 13:31:00,2026-05-17 13:58:00,2026-05-17,ibanda,kicuzi,-0.07765,30.5199,3.0,male,46.0,2.21,575.0,KR7,1218.8,4804.0,True,dap,False,,2,1,3,3,3,0,0,0,0,0,0,1,0,1,0,0,0,0,0,0
uuid:00101,HH-RUB-0101,F. Byaruhanga,2026-05-16 09:03:00,2026-05-16 09:36:00,2026-05-16,rubirizi,bisheshe,-0.39095,30.206,12.0,male,46.0,2.73,548.0,KR10 KR2 KR6 KR9,1759.5,4508.0,True,organic,False,,5,2,2,4,5,0,1,1,0,0,1,0,1,4,0,0,0,0,0,0
uuid:00151,HH-KIR-0151,B. Nakato,2026-05-07 11:22:00,2026-05-07 12:00:00,2026-05-07,kiruhura,rukiri,-0.23328,31.00753,5.0,male,42.0,3.95,569.0,KR10,2064.4,5492.0,True,organic,True,post_harvest pruning stumping,4,5,2,2,1,0,1,0,0,0,0,0,0,1,0,1,1,0,1,3
uuid:00200,HH-RUB-0200,C. Kyomuhendo,2026-05-10 16:31:00,2026-05-10 16:38:00,2026-05-10,rubirizi,kicuzi,-0.22437,30.2699,7.0,female,77.0,3.94,399.0,KR9,2922.2,5832.0,True,npk,False,,5,2,5,2,1,0,0,0,0,0,0,0,1,1,0,0,0,0,0,0
uuid:00090,HH-IBA-0090,A. Tumusiime,2026-05-22 12:35:00,2026-05-22 13:17:00,2026-05-22,ibanda,kicuzi,-0.13563,30.49229,6.0,female,47.0,1.76,613.0,KR3 KR6 KR9,1166.1,4573.0,False,,True,pest_scouting post_harvest pruning shade_mgmt,5,1,2,4,3,0,0,0,1,0,1,0,1,3,1,1,1,1,0,4
uuid:00381,HH-IBA-0381,D. Mugisha,2026-05-21 16:21:00,2026-05-21 17:02:00,2026-05-21,ibanda,nyamarebe,-0.18282,30.52515,4.0,male,45.0,5.08,324.0,KR3,3339.2,6132.0,True,dap,False,,3,3,3,3,3,0,0,0,1,0,0,0,0,1,0,0,0,0,0,0
uuid:00326,HH-RUB-0326,C. Kyomuhendo,2026-05-11 10:54:00,2026-05-11 11:03:00,,rubirizi,rukiri,-0.20451,30.18218,4.0,female,75.0,0.88,452.0,KR10 KR2 KR7,500.3,5956.0,False,,False,,3,4,4,3,5,0,1,1,0,0,0,1,0,3,0,0,0,0,0,0
uuid:00316,HH-KIR-0316,E. Ainembabazi,2026-05-19 08:42:00,2026-05-19 09:11:00,2026-05-19,kiruhura,kicuzi,-0.23381,30.62458,6.0,female,54.0,2.61,387.0,KR10 KR6 KR9,1350.0,4826.0,False,,True,pruning,5,3,4,5,2,0,1,0,0,0,1,0,1,3,0,0,1,0,0,1
uuid:00370,HH-KIR-0370,E. Ainembabazi,2026-05-20 16:01:00,2026-05-20 16:32:00,2026-05-20,kiruhura,kicuzi,-0.30308,30.99998,3.0,female,42.0,2.72,575.0,KR1 KR2,1350.0,5136.0,True,dap,False,,4,4,5,2,5,1,0,1,0,0,0,0,0,2,0,0,0,0,0,0
uuid:00416,HH-RUB-0416,C. Kyomuhendo,2026-05-04 15:03:00,2026-05-04 15:10:00,2026-05-04,rubirizi,nyamarebe,-0.29828,30.20659,6.0,male,51.0,0.83,569.0,KR5,660.0,4670.0,False,,False,,3,5,2,2,5,0,0,0,0,1,0,0,0,1,0,0,0,0,0,0
uuid:00265,HH-KIR-0265,B. Nakato,2026-05-12 12:18:00,2026-05-12 12:55:00,2026-05-12,kiruhura,rukiri,-0.11994,30.69664,7.0,male,51.0,3.84,409.0,KR1 KR10 KR3 KR7,3268.3,5294.0,True,dap,False,,5,3,1,2,2,1,1,0,1,0,0,1,0,4,0,0,0,0,0,0
uuid:00114,HH-IBA-0114,A. Tumusiime,2026-05-19 14:06:00,2026-05-19 14:30:00,2026-05-19,ibanda,rukiri,-0.1976,30.49761,7.0,male,40.0,1.24,406.0,KR2 KR9,534.3,5441.0,False,,False,,1,5,4,3,5,0,0,1,0,0,0,0,1,2,0,0,0,0,0,0
uuid:00336,HH-IBA-0336,A. Tumusiime,2026-05-21 13:37:00,2026-05-21 14:18:00,2026-05-21,ibanda,bisheshe,-0.23594,30.60083,6.0,male,31.0,3.05,387.0,KR2 KR3,1980.0,4690.0,False,,True,pest_scouting post_harvest,3,4,2,4,5,0,0,1,1,0,0,0,0,2,1,1,0,0,0,2
uuid:00106,HH-KIR-0106,E. Ainembabazi,2026-05-04 13:21:00,2026-05-04 14:10:00,2026-05-04,kiruhura,bisheshe,2.31,31.4,3.0,male,61.0,1.59,407.0,KR2,950.0,5432.0,False,,True,shade_mgmt,4,2,1,1,3,0,0,1,0,0,0,0,0,1,0,0,0,1,0,1
uuid:00402,HH-IBA-0402,A. Tumusiime,2026-05-11 13:40:00,2026-05-11 14:10:00,2026-05-11,ibanda,kicuzi,0.05854,30.65836,7.0,female,23.0,3.94,400.0,KR2,1568.6,4980.0,False,,True,pruning shade_mgmt stumping,2,5,5,2,1,0,0,1,0,0,0,0,0,1,0,0,1,1,1,3
uuid:00163,HH-KIR-0163,B. Nakato,2026-05-11 14:36:00,2026-05-11 15:11:00,2026-05-11,kiruhura,kicuzi,-0.2901,30.74782,5.0,male,71.0,2.36,510.0,KR1 KR10 KR2 KR3,2180.2,4748.0,True,organic,True,pest_scouting pruning,3,1,5,5,5,1,1,1,1,0,0,0,0,4,1,0,1,0,0,2
uuid:00013,HH-KIR-0013,B. Nakato,2026-05-25 15:22:00,2026-05-25 15:49:00,2026-05-25,kiruhura,bisheshe,-0.28692,30.80576,5.0,female,50.0,6.18,438.0,KR1 KR2 KR9,4594.7,4927.0,False,,True,pest_scouting,4,1,2,3,5,1,0,1,0,0,0,0,1,3,1,0,0,0,0,1
uuid:00119,HH-RUB-0119,F. Byaruhanga,2026-05-09 15:04:00,2026-05-09 15:49:00,2026-05-09,rubirizi,bisheshe,-0.07098,30.15479,2.0,male,40.0,2.54,477.0,KR10 KR2 KR9,731.5,5246.0,False,,False,,2,3,2,1,1,0,1,1,0,0,0,0,1,3,0,0,0,0,0,0
uuid:00237,HH-IBA-0237,D. Mugisha,2026-05-12 14:14:00,2026-05-12 14:34:00,2026-05-12,ibanda,nyamarebe,-0.34417,30.63851,5.0,male,36.0,1.75,528.0,KR10 KR6 KR7 KR9,1330.2,5060.0,True,organic,False,,3,3,3,3,3,0,1,0,0,0,1,1,1,4,0,0,0,0,0,0
uuid:00152,HH-RUB-0152,C. Kyomuhendo,2026-05-05 09:11:00,2026-05-05 09:15:00,2026-05-05,rubirizi,bisheshe,-0.20121,30.19304,4.0,male,80.0,2.22,565.0,KR10 KR2 KR9,1365.6,4186.0,False,,False,,3,2,1,2,1,0,1,1,0,0,0,0,1,3,0,0,0,0,0,0
uuid:00337,HH-KIR-0337,B. Nakato,2026-05-26 12:45:00,2026-05-26 13:22:00,2026-05-26,kiruhura,rukiri,-0.06217,30.95476,8.0,male,50.0,0.63,365.0,KR6,139.9,5625.0,True,npk,True,post_harvest,1,2,4,3,4,0,0,0,0,0,1,0,0,1,0,1,0,0,0,1
uuid:00205,HH-KIR-0205,B. Nakato,2026-05-25 08:15:00,2026-05-25 09:03:00,2026-05-25,kiruhura,nyamarebe,-0.19469,30.77384,7.0,male,39.0,3.91,477.0,KR2 KR7,2476.9,5667.0,True,npk,False,,2,1,1,3,4,0,0,1,0,0,0,1,0,2,0,0,0,0,0,0
uuid:00112,HH-KIR-0112,E. Ainembabazi,2026-05-24 13:14:00,2026-05-24 13:59:00,2026-05-24,kiruhura,nyamarebe,-0.1029,30.88504,7.0,male,54.0,4.62,559.0,KR10 KR2 KR3 KR9,2450.0,6333.0,False,,False,,4,5,1,3,4,0,1,1,1,0,0,0,1,4,0,0,0,0,0,0
uuid:00134,HH-RUB-0134,C. Kyomuhendo,2026-05-08 11:04:00,2026-05-08 11:12:00,2026-05-08,rubirizi,rukiri,-0.36369,29.87622,2.0,male,44.0,4.23,408.0,KR10 KR5,2583.3,4709.0,False,,False,,5,1,2,2,1,0,1,0,0,1,0,0,0,2,0,0,0,0,0,0
uuid:00073,HH-KIR-0073,B. Nakato,2026-05-24 08:08:00,2026-05-24 08:50:00,2026-05-24,kiruhura,rukiri,-0.29922,30.84504,9.0,male,40.0,3.05,548.0,KR5 KR6,3349.3,6312.0,True,dap,False,,5,1,3,5,2,0,0,0,0,1,1,0,0,2,0,0,0,0,0,0
uuid:00298,HH-KIR-0298,E. Ainembabazi,2026-05-13 13:01:00,2026-05-13 13:28:00,2026-05-13,kiruhura,kicuzi,0.00524,30.7849,6.0,male,41.0,2.13,604.0,KR10 KR3 KR7,750.0,4388.0,False,,True,post_harvest pruning,5,1,2,4,1,0,1,0,1,0,0,1,0,3,0,1,1,0,0,2
uuid:00363,HH-IBA-0363,D. Mugisha,2026-05-11 10:10:00,2026-05-11 10:52:00,2026-05-11,ibanda,nyamarebe,0.00583,30.62198,3.0,male,48.0,2.38,535.0,KR1 KR7,999.3,5024.0,False,,True,post_harvest pruning stumping,4,4,4,4,4,1,0,0,0,0,0,1,0,2,0,1,1,0,1,3
uuid:00234,HH-IBA-0234,A. Tumusiime,2026-05-07 11:02:00,2026-05-07 11:36:00,2026-05-07,ibanda,bisheshe,-0.06136,30.47285,7.0,male,55.0,10.61,427.0,KR1,8528.6,4576.0,True,npk,True,pest_scouting shade_mgmt,2,3,3,3,1,1,0,0,0,0,0,0,0,1,1,0,0,1,0,2
uuid:00347,HH-RUB-0347,F. Byaruhanga,2026-05-27 11:28:00,2026-05-27 12:10:00,2026-05-27,rubirizi,rukiri,-0.25006,29.97139,5.0,male,51.0,1.64,328.0,KR5,1388.7,5548.0,False,,False,,5,3,4,5,1,0,0,0,0,1,0,0,0,1,0,0,0,0,0,0
uuid:00333,HH-IBA-0333,D. Mugisha,2026-05-16 10:24:00,2026-05-16 10:58:00,2026-05-16,ibanda,kicuzi,-0.18175,30.41375,1.0,male,50.0,2.54,461.0,KR2 KR5 KR9,1442.1,4959.0,True,organic,False,,3,4,3,4,3,0,0,1,0,1,0,0,1,3,0,0,0,0,0,0
uuid:00105,HH-IBA-0105,D. Mugisha,2026-05-27 13:51:00,2026-05-27 14:21:00,2026-05-27,ibanda,kicuzi,-0.18217,30.51346,8.0,male,51.0,4.14,380.0,KR1 KR2 KR7,2383.5,6794.0,False,,True,pest_scouting post_harvest shade_mgmt stumping,3,1,1,3,3,1,0,1,0,0,0,1,0,3,1,1,0,1,1,4
uuid:00287,HH-RUB-0287,F. Byaruhanga,2026-05-19 14:06:00,2026-05-19 14:47:00,2026-05-19,rubirizi,nyamarebe,-0.30451,30.15675,2.0,male,56.0,4.55,573.0,KR10 KR3 KR7 KR9,3123.0,5304.0,True,organic,False,,1,2,1,2,3,0,1,0,1,0,0,1,1,4,0,0,0,0,0,0
uuid:00398,HH-RUB-0398,C. Kyomuhendo,2026-05-22 13:55:00,2026-05-22 14:00:00,2026-05-22,rubirizi,nyamarebe,-0.37151,30.15793,8.0,male,45.0,2.02,513.0,KR5 KR6,1400.8,6422.0,False,,True,post_harvest pruning,3,3,3,2,4,0,0,0,0,1,1,0,0,2,0,1,1,0,0,2
uuid:00155,HH-RUB-0155,F. Byaruhanga,2026-05-13 11:04:00,2026-05-13 11:40:00,2026-05-13,rubirizi,nyamarebe,-0.12386,30.1535,5.0,male,35.0,3.13,349.0,KR3,1622.1,4184.0,True,dap,False,,1,5,4,3,2,0,0,0,1,0,0,0,0,1,0,0,0,0,0,0
uuid:00100,HH-KIR-0100,E. Ainembabazi,2026-05-08 11:48:00,2026-05-08 12:34:00,2026-05-08,kiruhura,rukiri,-0.08459,30.9159,5.0,female,43.0,3.23,486.0,KR10 KR3 KR6,2000.0,5894.0,True,dap,False,,2,5,5,2,4,0,1,0,1,0,1,0,0,3,0,0,0,0,0,0
uuid:00169,HH-KIR-0169,B. Nakato,2026-05-07 14:29:00,2026-05-07 14:57:00,2026-05-07,kiruhura,nyamarebe,-0.17521,30.80659,5.0,male,55.0,2.47,403.0,KR10 KR6 KR9,1587.6,4765.0,True,dap,True,pest_scouting,5,1,5,3,5,0,1,0,0,0,1,0,1,3,1,0,0,0,0,1
uuid:00269,HH-RUB-0269,F. Byaruhanga,2026-05-09 11:18:00,2026-05-09 11:56:00,2026-05-09,rubirizi,rukiri,-0.23343,29.96546,6.0,male,60.0,2.57,,KR1 KR5 KR6 KR7,1496.0,4645.0,True,npk,True,pest_scouting pruning,2,3,3,5,2,1,0,0,0,1,1,1,0,4,1,0,1,0,0,2
uuid:00341,HH-RUB-0341,F. Byaruhanga,2026-05-08 14:03:00,2026-05-08 14:44:00,2026-05-08,rubirizi,nyamarebe,-0.25894,30.27253,7.0,male,,6.51,,KR10 KR6 KR7 KR9,4292.7,,False,,True,post_harvest pruning,2,5,2,3,1,0,1,0,0,0,1,1,1,4,0,1,1,0,0,2
uuid:00268,HH-KIR-0268,E. Ainembabazi,2026-05-26 09:07:00,2026-05-26 09:28:00,2026-05-26,kiruhura,rukiri,-0.22049,30.6944,5.0,male,54.0,2.06,369.0,KR3 KR6 KR7 KR9,700.0,5731.0,True,dap,True,pest_scouting pruning stumping,1,1,5,2,5,0,0,0,1,0,1,1,1,4,1,0,1,0,1,3
uuid:00065,HH-RUB-0065,F. Byaruhanga,2026-05-09 15:42:00,2026-05-09 16:06:00,2026-05-09,rubirizi,kicuzi,-0.29046,30.00594,3.0,male,,2.64,,KR2 KR3 KR5,1004.2,,False,,True,pest_scouting pruning,5,2,2,5,1,0,0,1,1,1,0,0,0,3,1,0,1,0,0,2
uuid:00192,HH-IBA-0192,A. Tumusiime,2026-05-12 12:17:00,2026-05-12 12:55:00,2026-05-12,ibanda,bisheshe,-0.13843,30.51719,2.0,male,42.0,2.82,528.0,KR10 KR2 KR9,1606.4,6110.0,True,organic,True,pest_scouting stumping,1,2,4,1,2,0,1,1,0,0,0,0,1,3,1,0,0,0,1,2
uuid:00082,HH-KIR-0082,E. Ainembabazi,2026-05-26 09:54:00,2026-05-26 10:38:00,2026-05-26,kiruhura,kicuzi,-0.40403,30.89043,4.0,male,22.0,0.94,511.0,KR5 KR7,600.0,5765.0,False,,True,post_harvest,2,2,1,2,3,0,0,0,0,1,0,1,0,2,0,1,0,0,0,1
uuid:00218,HH-RUB-0218,C. Kyomuhendo,2026-05-20 13:16:00,2026-05-20 13:21:00,2026-05-20,rubirizi,kicuzi,-0.1982,29.96495,1.0,male,45.0,2.83,449.0,KR2 KR7,1967.4,4957.0,True,npk,True,pest_scouting post_harvest shade_mgmt,5,2,1,1,3,0,0,1,0,0,0,1,0,2,1,1,0,1,0,3
uuid:00358,HH-KIR-0358,E. Ainembabazi,2026-05-20 16:50:00,2026-05-20 17:36:00,2026-05-20,kiruhura,bisheshe,-0.31473,30.82883,7.0,male,57.0,4.24,437.0,KR1 KR5,3050.0,5332.0,True,organic,False,,3,2,4,3,5,1,0,0,0,1,0,0,0,2,0,0,0,0,0,0
uuid:00249,HH-IBA-0249,D. Mugisha,2026-05-20 10:46:00,2026-05-20 11:23:00,2026-05-20,ibanda,nyamarebe,-0.13498,30.43115,8.0,female,45.0,4.89,517.0,KR3 KR5 KR7 KR9,2442.8,6069.0,False,,False,,4,4,4,4,4,0,0,0,1,1,0,1,1,4,0,0,0,0,0,0
uuid:00092,HH-RUB-0092,C. Kyomuhendo,2026-05-15 15:41:00,2026-05-15 15:47:00,2026-05-15,rubirizi,bisheshe,-0.43377,30.09956,5.0,male,33.0,0.89,470.0,KR1 KR10 KR2 KR7,502.1,5086.0,True,dap,False,,1,2,1,3,2,1,1,1,0,0,0,1,0,4,0,0,0,0,0,0
uuid:00210,HH-IBA-0210,A. Tumusiime,2026-05-05 14:31:00,2026-05-05 15:11:00,2026-05-05,ibanda,kicuzi,-0.06406,30.51483,7.0,female,27.0,4.37,581.0,KR2 KR3 KR6,3082.7,4337.0,True,npk,False,,2,5,5,1,4,0,0,1,1,0,1,0,0,3,0,0,0,0,0,0
uuid:90005,HH-RUB-0278,C. Kyomuhendo,2026-05-27 15:15:00,2026-05-27 15:20:00,2026-05-27,rubirizi,kicuzi,-0.2664,30.16241,6.0,male,52.0,2.0,429.0,KR9,909.9,5042.0,False,,False,,5,4,5,5,4,0,0,0,0,0,0,0,1,1,0,0,0,0,0,0
uuid:00054,HH-IBA-0054,A. Tumusiime,2026-05-22 10:44:00,2026-05-22 11:32:00,2026-05-22,ibanda,rukiri,-0.19579,30.31923,6.0,male,54.0,2.4,435.0,KR6 KR9,1228.0,6445.0,True,dap,False,,1,2,3,1,5,0,0,0,0,0,1,0,1,2,0,0,0,0,0,0
uuid:00140,HH-RUB-0140,C. Kyomuhendo,2026-05-11 13:01:00,2026-05-11 13:12:00,2026-05-11,rubirizi,nyamarebe,-0.13694,30.13773,5.0,male,40.0,4.97,461.0,KR10 KR3 KR6 KR7,3390.5,4353.0,False,,False,,4,3,5,4,2,0,1,0,1,0,1,1,0,4,0,0,0,0,0,0
uuid:00158,HH-RUB-0158,C. Kyomuhendo,2026-05-12 15:51:00,2026-05-12 15:56:00,2026-05-12,rubirizi,rukiri,-0.20157,30.10245,5.0,male,59.0,2.03,441.0,KR10 KR5 KR6 KR9,1431.2,5080.0,False,,False,,4,3,2,2,1,0,1,0,0,1,1,0,1,4,0,0,0,0,0,0
uuid:00109,HH-KIR-0109,B. Nakato,2026-05-19 12:37:00,2026-05-19 13:21:00,2026-05-19,kiruhura,rukiri,-0.26226,30.79642,4.0,male,48.0,2.63,600.0,KR10 KR2 KR7,2050.0,4860.0,False,,False,,5,4,1,5,4,0,1,1,0,0,0,1,0,3,0,0,0,0,0,0
uuid:00240,HH-IBA-0240,A. Tumusiime,2026-05-13 11:01:00,2026-05-13 11:39:00,2026-05-13,ibanda,rukiri,-0.1537,30.47792,4.0,male,49.0,3.26,453.0,KR6 KR7,2060.5,4421.0,True,organic,True,pest_scouting post_harvest,2,1,1,2,4,0,0,0,0,0,1,1,0,2,1,1,0,0,0,2
uuid:00035,HH-RUB-0035,F. Byaruhanga,2026-05-15 12:55:00,2026-05-15 13:27:00,2026-05-15,rubirizi,bisheshe,-0.42222,30.02955,3.0,female,47.0,1.9,449.0,KR6 KR9,475.9,4142.0,True,dap,True,post_harvest pruning shade_mgmt,5,2,3,5,4,0,0,0,0,0,1,0,1,2,0,1,1,1,0,3
uuid:00322,HH-KIR-0322,E. Ainembabazi,2026-05-06 09:30:00,2026-05-06 10:25:00,2026-05-06,kiruhura,nyamarebe,-0.07521,30.76672,4.0,male,53.0,3.15,436.0,KR2,2600.0,5623.0,True,npk,True,pest_scouting post_harvest stumping,4,1,4,2,3,0,0,1,0,0,0,0,0,1,1,1,0,0,1,3
uuid:00159,HH-IBA-0159,D. Mugisha,2026-05-27 08:28:00,2026-05-27 09:07:00,2026-05-27,ibanda,bisheshe,-0.08275,30.34153,10.0,male,44.0,2.28,405.0,KR10,1030.6,5248.0,True,organic,False,,3,3,3,3,3,0,1,0,0,0,0,0,0,1,0,0,0,0,0,0
uuid:00079,HH-KIR-0079,B. Nakato,2026-05-09 16:42:00,2026-05-09 17:22:00,2026-05-09,kiruhura,nyamarebe,-0.21297,30.80947,7.0,male,33.0,3.4,468.0,KR1 KR3 KR6 KR9,2070.5,4615.0,True,dap,False,,5,2,3,1,2,1,0,0,1,0,1,0,1,4,0,0,0,0,0,0
uuid:00390,HH-IBA-0390,A. Tumusiime,2026-05-06 12:39:00,2026-05-06 13:21:00,2026-05-06,ibanda,kicuzi,-0.22409,30.57046,8.0,male,38.0,2.1,484.0,KR1 KR2 KR5 KR6,1146.1,5492.0,True,organic,False,,2,1,1,2,3,1,0,1,0,1,1,0,0,4,0,0,0,0,0,0
uuid:00099,HH-IBA-0099,D. Mugisha,2026-05-12 13:16:00,2026-05-12 13:44:00,2026-05-12,ibanda,nyamarebe,-0.08119,30.38742,11.0,male,19.0,4.35,395.0,KR7,2489.1,5102.0,True,dap,True,pest_scouting post_harvest pruning shade_mgmt,4,4,4,4,4,0,0,0,0,0,0,1,0,1,1,1,1,1,0,4
uuid:00221,HH-RUB-0221,F. Byaruhanga,2026-05-05 16:31:00,2026-05-05 17:10:00,2026-05-05,rubirizi,rukiri,-0.28654,30.1095,4.0,male,57.0,0.54,511.0,KR1 KR2 KR3,378.2,5002.0,False,,True,pest_scouting post_harvest,1,4,1,3,1,1,0,1,1,0,0,0,0,3,1,1,0,0,0,2
uuid:00046,HH-KIR-0046,E. Ainembabazi,2026-05-17 10:45:00,2026-05-17 11:36:00,2026-05-17,kiruhura,kicuzi,-0.13296,30.73694,8.0,female,34.0,3.52,546.0,KR9,2150.0,4562.0,True,npk,True,pest_scouting pruning,4,3,2,3,4,0,0,0,0,0,0,0,1,1,1,0,1,0,0,2
uuid:00339,HH-IBA-0339,D. Mugisha,2026-05-14 08:33:00,2026-05-14 09:07:00,2026-05-14,ibanda,nyamarebe,-0.06617,30.37132,5.0,female,57.0,1.13,359.0,KR10 KR5,906.4,4874.0,False,,False,,3,3,3,3,3,0,1,0,0,1,0,0,0,2,0,0,0,0,0,0
uuid:00254,HH-RUB-0254,C. Kyomuhendo,2026-05-13 16:37:00,2026-05-13 16:46:00,2026-05-13,rubirizi,kicuzi,-0.30843,30.1567,3.0,female,66.0,4.8,434.0,KR2 KR3,2730.9,4254.0,True,organic,True,shade_mgmt,1,1,4,4,1,0,0,1,1,0,0,0,0,2,0,0,0,1,0,1
uuid:00259,HH-KIR-0259,B. Nakato,2026-05-23 13:14:00,2026-05-23 13:55:00,2026-05-23,kiruhura,kicuzi,-0.20296,30.87994,5.0,female,53.0,2.7,444.0,KR6,1940.0,5957.0,True,npk,False,,3,4,5,1,3,0,0,0,0,0,1,0,0,1,0,0,0,0,0,0
uuid:00162,HH-IBA-0162,A. Tumusiime,2026-05-07 09:50:00,2026-05-07 10:32:00,2026-05-07,ibanda,kicuzi,-0.22034,30.34935,10.0,male,47.0,2.03,486.0,KR1 KR3 KR5 KR9,1562.7,5071.0,False,,False,,2,1,4,2,2,1,0,0,1,1,0,0,1,4,0,0,0,0,0,0
uuid:00349,HH-KIR-0349,B. Nakato,2026-05-10 11:31:00,2026-05-10 12:13:00,2026-05-10,kiruhura,rukiri,-0.1944,30.85783,3.0,male,48.0,0.97,385.0,KR3 KR7,616.8,5569.0,True,organic,False,,5,5,2,5,3,0,0,0,1,0,0,1,0,2,0,0,0,0,0,0
uuid:00034,HH-KIR-0034,E. Ainembabazi,2026-05-15 09:09:00,2026-05-15 10:07:00,2026-05-15,kiruhura,rukiri,-0.23574,31.00318,10.0,female,54.0,4.15,544.0,KR2 KR7,3950.0,5646.0,True,npk,True,post_harvest pruning shade_mgmt stumping,4,2,4,3,3,0,0,1,0,0,0,1,0,2,0,1,1,1,1,4
uuid:00330,HH-IBA-0330,A. Tumusiime,2026-05-22 16:17:00,2026-05-22 16:55:00,2026-05-22,ibanda,rukiri,-0.26124,30.57071,3.0,male,41.0,1.3,522.0,KR10,863.2,4758.0,False,,False,,1,5,1,2,2,0,1,0,0,0,0,0,0,1,0,0,0,0,0,0
uuid:00009,HH-IBA-0009,D. Mugisha,2026-05-10 10:42:00,2026-05-10 11:25:00,2026-05-10,ibanda,rukiri,-0.05519,30.58292,5.0,male,29.0,2.98,355.0,KR1 KR3 KR5 KR7,2300.3,6239.0,False,,True,pest_scouting pruning shade_mgmt stumping,3,3,3,3,3,1,0,0,1,1,0,1,0,4,1,0,1,1,1,4
uuid:00288,HH-IBA-0288,A. Tumusiime,2026-05-22 10:08:00,2026-05-22 10:43:00,2026-05-22,ibanda,kicuzi,-0.15946,30.57947,9.0,female,60.0,2.28,588.0,KR10 KR9,1905.8,4922.0,True,organic,False,,4,3,1,4,3,0,1,0,0,0,0,0,1,2,0,0,0,0,0,0
uuid:00227,HH-RUB-0227,F. Byaruhanga,2026-05-22 09:55:00,2026-05-22 10:37:00,2026-05-22,rubirizi,kicuzi,-0.29928,30.05706,7.0,male,,1.01,,KR5 KR7,414.9,,True,organic,False,,5,4,3,4,5,0,0,0,0,1,0,1,0,2,0,0,0,0,0,0
uuid:00279,HH-IBA-0279,D. Mugisha,2026-05-05 08:46:00,2026-05-05 09:33:00,2026-05-05,ibanda,rukiri,-0.14751,30.45758,2.0,male,22.0,0.56,432.0,KR1 KR10 KR5 KR6,312.6,5126.0,True,organic,True,post_harvest pruning stumping,3,3,3,3,3,1,1,0,0,1,1,0,0,4,0,1,1,0,1,3
uuid:00127,HH-KIR-0127,B. Nakato,2026-05-25 08:33:00,2026-05-25 09:18:00,2026-05-25,kiruhura,nyamarebe,-0.24791,30.89995,7.0,female,37.0,3.44,525.0,KR3,1481.3,4827.0,True,npk,False,,1,4,5,5,3,0,0,0,1,0,0,0,0,1,0,0,0,0,0,0
uuid:00131,HH-RUB-0131,F. Byaruhanga,2026-05-13 13:49:00,2026-05-13 14:22:00,2026-05-13,rubirizi,nyamarebe,-0.21034,30.13006,6.0,male,,5.13,,KR1 KR5,2681.7,,False,,False,,2,1,3,3,1,1,0,0,0,1,0,0,0,2,0,0,0,0,0,0
uuid:00304,HH-KIR-0304,E. Ainembabazi,2026-05-08 13:15:00,2026-05-08 13:47:00,2026-05-08,kiruhura,rukiri,-0.13914,30.80101,8.0,male,36.0,2.93,302.0,KR10 KR3,2150.0,5662.0,False,,True,post_harvest pruning stumping,3,5,3,3,2,0,1,0,1,0,0,0,0,2,0,1,1,0,1,3
uuid:00310,HH-KIR-0310,E. Ainembabazi,2026-05-21 11:56:00,2026-05-21 12:29:00,2026-05-21,kiruhura,bisheshe,-0.18164,30.97266,4.0,female,32.0,0.88,501.0,KR5,600.0,4326.0,True,dap,False,,4,3,3,2,4,0,0,0,0,1,0,0,0,1,0,0,0,0,0,0
uuid:00396,HH-IBA-0396,A. Tumusiime,2026-05-15 12:54:00,2026-05-15 13:47:00,2026-05-15,ibanda,kicuzi,-0.15727,30.43518,3.0,female,47.0,2.17,553.0,KR10 KR2 KR3 KR5,1696.9,4582.0,False,,False,,3,2,1,1,3,0,1,1,1,1,0,0,0,4,0,0,0,0,0,0
uuid:00062,HH-RUB-0062,C. Kyomuhendo,2026-05-18 10:26:00,2026-05-18 10:30:00,2026-05-18,rubirizi,bisheshe,-0.278,30.11767,6.0,male,45.0,1.04,623.0,KR3 KR5,503.8,5380.0,True,dap,False,,4,4,2,5,4,0,0,0,1,1,0,0,0,2,0,0,0,0,0,0
uuid:00083,HH-RUB-0083,F. Byaruhanga,2026-05-26 16:07:00,2026-05-26 16:38:00,2026-05-26,rubirizi,rukiri,-0.18605,30.21409,4.0,male,,1.46,,KR10 KR3,1183.3,,False,,False,,4,5,2,4,3,0,1,0,1,0,0,0,0,2,0,0,0,0,0,0
uuid:00080,HH-RUB-0080,C. Kyomuhendo,2026-05-10 09:05:00,2026-05-10 09:09:00,2026-05-10,rubirizi,kicuzi,-0.30636,30.11895,1.0,female,27.0,5.6,439.0,KR10 KR2 KR6,4173.6,4240.0,True,organic,False,,1,3,1,3,4,0,1,1,0,0,1,0,0,3,0,0,0,0,0,0
uuid:00068,HH-RUB-0068,C. Kyomuhendo,2026-05-13 09:01:00,2026-05-13 09:06:00,2026-05-13,rubirizi,rukiri,-0.11335,30.17344,5.0,male,49.0,2.71,376.0,KR1 KR10 KR6,14092.0,4916.0,True,dap,True,pest_scouting pruning shade_mgmt stumping,5,5,3,1,5,1,1,0,0,0,1,0,0,3,1,0,1,1,1,4
uuid:00053,HH-RUB-0053,F. Byaruhanga,2026-05-17 15:44:00,2026-05-17 16:17:00,2026-05-17,rubirizi,bisheshe,-0.16624,30.14293,7.0,male,46.0,2.05,547.0,KR10,1140.4,4984.0,True,organic,False,,4,3,4,2,5,0,1,0,0,0,0,0,0,1,0,0,0,0,0,0
uuid:00300,HH-IBA-0300,A. Tumusiime,2026-05-15 09:07:00,2026-05-15 09:44:00,2026-05-15,ibanda,bisheshe,-0.08101,30.46558,7.0,male,49.0,4.71,526.0,KR1 KR10 KR9,3263.1,5617.0,True,organic,False,,2,5,5,2,3,1,1,0,0,0,0,0,1,3,0,0,0,0,0,0
uuid:00388,HH-KIR-0388,E. Ainembabazi,2026-05-07 09:48:00,2026-05-07 10:23:00,2026-05-07,kiruhura,bisheshe,-0.18339,30.78114,4.0,female,72.0,2.22,564.0,KR5,1600.0,5078.0,True,dap,False,,5,5,4,5,2,0,0,0,0,1,0,0,0,1,0,0,0,0,0,0
uuid:00196,HH-KIR-0196,E. Ainembabazi,2026-05-10 11:36:00,2026-05-10 12:19:00,2026-05-10,kiruhura,rukiri,-0.21857,30.98659,9.0,male,40.0,9.14,518.0,KR7,7950.0,5767.0,False,,True,post_harvest pruning shade_mgmt stumping,2,1,3,1,3,0,0,0,0,0,0,1,0,1,0,1,1,1,1,4
uuid:00010,HH-KIR-0010,E. Ainembabazi,2026-05-06 10:37:00,2026-05-06 11:21:00,2026-05-06,kiruhura,rukiri,-0.27745,30.68209,7.0,male,51.0,0.74,503.0,KR10 KR3 KR6,450.0,4579.0,False,,False,,3,1,3,3,2,0,1,0,1,0,1,0,0,3,0,0,0,0,0,0
uuid:00165,HH-IBA-0165,D. Mugisha,2026-05-07 10:24:00,2026-05-07 10:58:00,2026-05-07,ibanda,kicuzi,-0.13987,30.54826,7.0,male,52.0,2.9,453.0,KR3,1731.1,6141.0,False,,True,stumping,3,3,3,3,3,0,0,0,1,0,0,0,0,1,0,0,0,0,1,1
uuid:00270,HH-IBA-0270,A. Tumusiime,2026-05-17 14:21:00,2026-05-17 15:04:00,2026-05-17,ibanda,rukiri,-0.21835,30.62882,4.0,male,47.0,1.89,413.0,KR2 KR3 KR9,1031.5,5325.0,True,dap,False,,3,1,4,4,2,0,0,1,1,0,0,0,1,3,0,0,0,0,0,0
uuid:00380,HH-RUB-0380,C. Kyomuhendo,2026-05-09 14:41:00,2026-05-09 14:48:00,2026-05-09,rubirizi,rukiri,-0.13566,30.12842,8.0,male,53.0,3.52,536.0,KR10 KR2 KR5 KR6,2268.2,5769.0,True,dap,False,,2,3,3,2,1,0,1,1,0,1,1,0,0,4,0,0,0,0,0,0
uuid:00248,HH-RUB-0248,C. Kyomuhendo,2026-05-08 10:33:00,2026-05-08 10:40:00,2026-05-08,rubirizi,nyamarebe,-0.35929,30.14117,1.0,female,61.0,4.39,637.0,KR10 KR2,3757.2,5546.0,False,,True,pest_scouting post_harvest stumping,1,1,2,3,1,0,1,1,0,0,0,0,0,2,1,1,0,0,1,3
uuid:00417,HH-IBA-0417,D. Mugisha,2026-05-07 08:24:00,2026-05-07 08:51:00,2026-05-07,ibanda,kicuzi,-0.35917,30.47401,9.0,female,55.0,1.91,552.0,KR7 KR9,791.5,5338.0,True,dap,True,shade_mgmt stumping,4,4,4,4,4,0,0,0,0,0,0,1,1,2,0,0,0,1,1,2
uuid:00226,HH-KIR-0226,E. Ainembabazi,2026-05-20 09:55:00,2026-05-20 10:23:00,2026-05-20,kiruhura,rukiri,-0.14279,30.75669,4.0,male,30.0,3.73,301.0,KR3 KR5,2700.0,4352.0,True,organic,False,,5,3,4,2,5,0,0,0,1,1,0,0,0,2,0,0,0,0,0,0
uuid:00320,HH-RUB-0320,C. Kyomuhendo,2026-05-07 08:04:00,2026-05-07 08:11:00,2026-05-07,rubirizi,nyamarebe,-0.45065,30.10675,5.0,female,40.0,1.5,503.0,KR1 KR2 KR3 KR6,1080.7,4235.0,True,organic,True,shade_mgmt,3,2,2,4,3,1,0,1,1,0,1,0,0,4,0,0,0,1,0,1
uuid:00148,HH-KIR-0148,E. Ainembabazi,2026-05-18 10:09:00,2026-05-18 10:37:00,2026-05-18,kiruhura,nyamarebe,-0.12606,30.83918,5.0,male,46.0,4.13,533.0,KR1,3250.0,4710.0,True,npk,False,,5,5,5,4,2,1,0,0,0,0,0,0,0,1,0,0,0,0,0,0
uuid:00241,HH-KIR-0241,B. Nakato,2026-05-22 13:38:00,2026-05-22 14:14:00,2026-05-22,kiruhura,nyamarebe,-0.26614,30.90514,7.0,male,75.0,2.29,501.0,KR1 KR3 KR7,1731.8,5850.0,False,,True,post_harvest pruning shade_mgmt,4,5,3,1,1,1,0,0,1,0,0,1,0,3,0,1,1,1,0,3
uuid:00384,HH-IBA-0384,A. Tumusiime,2026-05-06 08:40:00,2026-05-06 09:14:00,2026-05-06,ibanda,rukiri,0.0111,30.50435,6.0,male,41.0,0.79,459.0,KR3 KR7,730.7,5574.0,True,organic,False,,5,2,4,1,5,0,0,0,1,0,0,1,0,2,0,0,0,0,0,0
uuid:00041,HH-RUB-0041,F. Byaruhanga,2026-05-21 12:08:00,2026-05-21 12:36:00,2026-05-21,rubirizi,rukiri,-0.19096,30.06489,5.0,male,61.0,1.37,499.0,KR5,1103.5,3981.0,True,npk,True,pest_scouting post_harvest pruning shade_mgmt,1,3,4,5,1,0,0,0,0,1,0,0,0,1,1,1,1,1,0,4
uuid:00177,HH-IBA-0177,D. Mugisha,2026-05-06 11:19:00,2026-05-06 12:04:00,2026-05-06,ibanda,kicuzi,-0.06802,30.56984,3.0,male,54.0,1.34,582.0,KR1 KR10 KR2 KR6,631.3,5341.0,False,,False,,5,5,5,5,5,1,1,1,0,0,1,0,0,4,0,0,0,0,0,0
uuid:00121,HH-KIR-0121,B. Nakato,2026-05-22 16:50:00,2026-05-22 17:17:00,2026-05-22,kiruhura,kicuzi,-0.27484,30.92575,7.0,male,28.0,1.69,486.0,KR10 KR7 KR9,1351.3,5116.0,True,npk,True,post_harvest,3,1,1,4,1,0,1,0,0,0,0,1,1,3,0,1,0,0,0,1
uuid:00275,HH-RUB-0275,F. Byaruhanga,2026-05-20 13:53:00,2026-05-20 14:35:00,2026-05-20,rubirizi,nyamarebe,-0.12169,29.94563,7.0,male,,2.32,,KR2 KR3 KR6 KR7,1707.5,,True,dap,False,,3,4,1,1,4,0,0,1,1,0,1,1,0,4,0,0,0,0,0,0
uuid:00023,HH-RUB-0023,F. Byaruhanga,2026-05-12 10:38:00,2026-05-12 11:19:00,2026-05-12,rubirizi,nyamarebe,-0.08826,30.0165,2.0,female,29.0,1.21,314.0,KR1 KR2 KR3 KR7,1110.5,4527.0,False,,False,,2,5,2,2,2,1,0,1,1,0,0,1,0,4,0,0,0,0,0,0
uuid:00374,HH-RUB-0374,C. Kyomuhendo,2026-05-11 08:34:00,2026-05-11 08:42:00,2026-05-11,rubirizi,nyamarebe,-0.39281,30.20026,8.0,female,42.0,0.99,540.0,KR10,541.8,4823.0,True,organic,False,,2,3,3,5,3,0,1,0,0,0,0,0,0,1,0,0,0,0,0,0
uuid:00197,HH-RUB-0197,F. Byaruhanga,2026-05-04 16:21:00,2026-05-04 17:08:00,2026-05-04,rubirizi,nyamarebe,-0.39107,30.26893,5.0,female,,1.35,,KR1,962.2,,False,,True,pest_scouting post_harvest pruning stumping,2,3,1,2,4,1,0,0,0,0,0,0,0,1,1,1,1,0,1,4
uuid:00052,HH-KIR-0052,E. Ainembabazi,2026-05-11 16:58:00,2026-05-11 17:18:00,2026-05-11,kiruhura,rukiri,-0.00641,31.03783,2.0,female,78.0,2.35,491.0,KR3,1550.0,4369.0,True,organic,False,,1,4,4,1,5,0,0,0,1,0,0,0,0,1,0,0,0,0,0,0
uuid:00289,HH-KIR-0289,B. Nakato,2026-05-19 10:12:00,2026-05-19 10:43:00,2026-05-19,kiruhura,bisheshe,-0.17294,30.97613,1.0,male,51.0,1.86,483.0,KR9,1196.8,4487.0,True,npk,False,,3,2,4,2,3,0,0,0,0,0,0,0,1,1,0,0,0,0,0,0
uuid:00366,HH-IBA-0366,A. Tumusiime,2026-05-20 09:05:00,2026-05-20 09:42:00,2026-05-20,ibanda,kicuzi,-0.13999,30.44066,9.0,female,52.0,2.76,470.0,KR1 KR10 KR2 KR6,2028.5,4248.0,True,organic,False,,1,2,4,2,5,1,1,1,0,0,1,0,0,4,0,0,0,0,0,0
uuid:00070,HH-KIR-0070,E. Ainembabazi,2026-05-24 10:18:00,2026-05-24 10:56:00,2026-05-24,kiruhura,rukiri,-0.36247,30.71722,9.0,male,52.0,0.83,522.0,KR1 KR5 KR7 KR9,550.0,4858.0,True,npk,True,post_harvest pruning shade_mgmt stumping,2,3,3,4,3,1,0,0,0,1,0,1,1,4,0,1,1,1,1,4
uuid:00032,HH-RUB-0032,C. Kyomuhendo,2026-05-09 11:44:00,2026-05-09 11:52:00,2026-05-09,rubirizi,kicuzi,-0.15099,30.31147,10.0,male,48.0,2.77,486.0,KR3,1561.7,5112.0,True,organic,False,,5,3,5,5,2,0,0,0,1,0,0,0,0,1,0,0,0,0,0,0
uuid:00043,HH-KIR-0043,B. Nakato,2026-05-23 15:57:00,2026-05-23 16:40:00,2026-05-23,kiruhura,nyamarebe,-0.18081,30.9693,3.0,male,45.0,1.13,384.0,KR10 KR5 KR9,905.7,5393.0,True,npk,False,,4,5,3,5,2,0,1,0,0,1,0,0,1,3,0,0,0,0,0,0
uuid:00108,HH-IBA-0108,A. Tumusiime,2026-05-17 14:14:00,2026-05-17 14:52:00,2026-05-17,ibanda,rukiri,-0.19012,30.46382,7.0,female,62.0,1.91,514.0,KR10 KR5 KR6 KR7,1103.7,4883.0,False,,False,,5,5,3,2,1,0,1,0,0,1,1,1,0,4,0,0,0,0,0,0
uuid:00084,HH-IBA-0084,A. Tumusiime,2026-05-09 12:58:00,2026-05-09 13:36:00,2026-05-09,ibanda,rukiri,-0.03852,30.5126,3.0,male,36.0,1.53,642.0,KR10,1067.6,5276.0,False,,True,pest_scouting pruning shade_mgmt stumping,4,3,3,3,2,0,1,0,0,0,0,0,0,1,1,0,1,1,1,4
uuid:00246,HH-IBA-0246,A. Tumusiime,2026-05-05 16:17:00,2026-05-05 16:46:00,2026-05-05,ibanda,rukiri,-0.128,30.4804,4.0,male,57.0,1.07,415.0,KR10 KR5,501.8,6599.0,False,,False,,2,3,1,5,1,0,1,0,0,1,0,0,0,2,0,0,0,0,0,0
uuid:00307,HH-KIR-0307,B. Nakato,2026-05-17 14:25:00,2026-05-17 15:02:00,2026-05-17,kiruhura,rukiri,-0.29404,30.93157,6.0,male,24.0,1.44,538.0,KR10 KR2 KR3,1178.4,4875.0,True,dap,False,,4,1,3,4,3,0,1,1,1,0,0,0,0,3,0,0,0,0,0,0
uuid:00215,HH-RUB-0215,F. Byaruhanga,2026-05-21 11:04:00,2026-05-21 11:46:00,2026-05-21,rubirizi,rukiri,-0.18809,29.93857,6.0,female,29.0,0.86,447.0,KR10 KR5 KR6,427.9,5929.0,False,,False,,4,4,1,4,1,0,1,0,0,1,1,0,0,3,0,0,0,0,0,0
uuid:00284,HH-RUB-0284,C. Kyomuhendo,2026-05-19 14:06:00,2026-05-19 14:15:00,2026-05-19,rubirizi,nyamarebe,-0.45491,30.075,4.0,male,39.0,3.16,382.0,KR3,16432.0,5085.0,True,dap,True,post_harvest pruning shade_mgmt stumping,5,4,4,4,3,0,0,0,1,0,0,0,0,1,0,1,1,1,1,4
uuid:00306,HH-IBA-0306,A. Tumusiime,2026-05-26 11:55:00,2026-05-26 12:29:00,2026-05-26,ibanda,kicuzi,-0.11113,30.462,8.0,male,39.0,1.12,424.0,KR10 KR2 KR3 KR6,598.8,5705.0,False,,True,pest_scouting post_harvest pruning,3,4,1,3,5,0,1,1,1,0,1,0,0,4,1,1,1,0,0,3
uuid:00412,HH-KIR-0412,E. Ainembabazi,2026-05-19 08:54:00,2026-05-19 09:42:00,2026-05-19,kiruhura,bisheshe,-0.18024,30.93804,6.0,male,20.0,2.81,442.0,KR10,2250.0,4372.0,True,npk,False,,5,2,1,5,5,0,1,0,0,0,0,0,0,1,0,0,0,0,0,0
uuid:00055,HH-KIR-0055,B. Nakato,2026-05-16 10:03:00,2026-05-16 10:36:00,2026-05-16,kiruhura,bisheshe,-0.27525,30.82447,6.0,male,34.0,4.38,596.0,KR1 KR3 KR6 KR7,2813.3,4856.0,True,organic,False,,1,2,1,3,5,1,0,0,1,0,1,1,0,4,0,0,0,0,0,0
uuid:00348,HH-IBA-0348,A. Tumusiime,2026-05-17 14:59:00,2026-05-17 15:23:00,2026-05-17,ibanda,rukiri,-0.14555,30.36318,1.0,female,43.0,1.21,451.0,KR2 KR3 KR5 KR9,797.5,4864.0,False,,False,,1,1,2,2,4,0,0,1,1,1,0,0,1,4,0,0,0,0,0,0
uuid:00191,HH-RUB-0191,F. Byaruhanga,2026-05-11 12:25:00,2026-05-11 12:56:00,2026-05-11,rubirizi,rukiri,-0.24435,30.17756,8.0,female,62.0,0.94,571.0,KR5 KR9,793.3,5080.0,False,,True,shade_mgmt,3,5,2,2,1,0,0,0,0,1,0,0,1,2,0,0,0,1,0,1
uuid:00063,HH-IBA-0063,D. Mugisha,2026-05-20 08:38:00,2026-05-20 09:22:00,2026-05-20,ibanda,nyamarebe,-0.19805,30.51985,9.0,male,49.0,2.27,336.0,KR1 KR10 KR3,1809.5,5220.0,True,npk,False,,3,3,3,3,3,1,1,0,1,0,0,0,0,3,0,0,0,0,0,0
uuid:00346,HH-KIR-0346,E. Ainembabazi,2026-05-07 13:58:00,2026-05-07 14:40:00,2026-05-07,kiruhura,rukiri,-0.16229,30.78323,8.0,female,57.0,5.0,412.0,KR5,3250.0,5839.0,True,organic,True,post_harvest shade_mgmt,5,4,4,3,1,0,0,0,0,1,0,0,0,1,0,1,0,1,0,2
uuid:00042,HH-IBA-0042,A. Tumusiime,2026-05-10 09:42:00,2026-05-10 10:11:00,2026-05-10,ibanda,kicuzi,-0.06304,30.46064,6.0,male,47.0,3.95,549.0,KR1 KR3 KR9,2609.2,5814.0,True,npk,False,,5,1,1,5,2,1,0,0,1,0,0,0,1,3,0,0,0,0,0,0
uuid:00323,HH-RUB-0323,F. Byaruhanga,2026-05-16 12:00:00,2026-05-16 12:33:00,2026-05-16,rubirizi,rukiri,-0.08986,30.22548,2.0,female,,1.47,,KR5,894.0,,True,organic,False,,4,2,1,2,1,0,0,0,0,1,0,0,0,1,0,0,0,0,0,0
uuid:00302,HH-RUB-0302,C. Kyomuhendo,2026-05-10 16:17:00,2026-05-10 16:26:00,2026-05-10,rubirizi,bisheshe,-0.17314,30.19861,4.0,female,66.0,0.76,402.0,KR1 KR7 KR9,252.0,5068.0,True,dap,False,,1,5,4,3,3,1,0,0,0,0,0,1,1,3,0,0,0,0,0,0
uuid:00005,HH-RUB-0005,F. Byaruhanga,2026-05-21 11:04:00,2026-05-21 11:59:00,2026-05-21,rubirizi,nyamarebe,-0.26713,30.11318,3.0,male,34.0,1.34,498.0,KR1 KR6 KR7 KR9,936.5,5116.0,True,organic,False,,3,4,5,5,1,1,0,0,0,0,1,1,1,4,0,0,0,0,0,0
uuid:00129,HH-IBA-0129,D. Mugisha,2026-05-19 10:37:00,2026-05-19 11:11:00,2026-05-19,ibanda,nyamarebe,-0.18262,30.67908,3.0,male,30.0,4.14,505.0,KR9,2237.0,5311.0,False,,False,,5,5,5,5,5,0,0,0,0,0,0,0,1,1,0,0,0,0,0,0
uuid:00172,HH-KIR-0172,E. Ainembabazi,2026-05-22 13:11:00,2026-05-22 13:50:00,2026-05-22,kiruhura,nyamarebe,-0.18544,30.84119,,male,34.0,0.87,452.0,KR3,500.0,3430.0,False,,False,,2,2,5,2,5,0,0,0,1,0,0,0,0,1,0,0,0,0,0,0
uuid:00224,HH-RUB-0224,C. Kyomuhendo,2026-05-09 13:55:00,2026-05-09 14:04:00,2026-05-09,rubirizi,bisheshe,-0.23162,29.97295,6.0,male,62.0,1.56,356.0,KR1 KR3 KR6 KR7,605.0,4116.0,True,organic,False,,2,3,5,5,1,1,0,0,1,0,1,1,0,4,0,0,0,0,0,0
uuid:00409,HH-KIR-0409,B. Nakato,2026-05-16 08:07:00,2026-05-16 08:50:00,2026-05-16,kiruhura,bisheshe,-0.02013,30.79421,5.0,male,49.0,3.58,463.0,KR1 KR3,3983.8,5427.0,True,npk,False,,2,3,2,5,1,1,0,0,1,0,0,0,0,2,0,0,0,0,0,0
uuid:00017,HH-RUB-0017,F. Byaruhanga,2026-05-24 10:15:00,2026-05-24 10:55:00,2026-05-24,rubirizi,nyamarebe,-0.22508,29.9348,2.0,female,,1.94,,KR7,1176.7,,False,,False,,3,2,1,2,1,0,0,0,0,0,0,1,0,1,0,0,0,0,0,0
uuid:00036,HH-IBA-0036,A. Tumusiime,2026-05-07 09:17:00,2026-05-07 09:50:00,2026-05-07,ibanda,bisheshe,-0.1362,30.47379,6.0,male,44.0,0.72,646.0,KR10 KR3 KR7,674.6,5151.0,False,,True,post_harvest pruning,2,1,2,2,5,0,1,0,1,0,0,1,0,3,0,1,1,0,0,2
uuid:00321,HH-IBA-0321,D. Mugisha,2026-05-04 11:11:00,2026-05-04 11:55:00,2026-05-04,ibanda,rukiri,-0.11278,30.50579,4.0,male,39.0,1.56,444.0,KR2,989.2,5322.0,True,dap,True,pest_scouting post_harvest shade_mgmt stumping,4,4,4,4,4,0,0,1,0,0,0,0,0,1,1,1,0,1,1,4
uuid:00356,HH-RUB-0356,C. Kyomuhendo,2026-05-15 13:39:00,2026-05-15 13:45:00,2026-05-15,rubirizi,bisheshe,-0.34478,30.05515,7.0,male,49.0,1.26,529.0,KR3 KR7 KR9,659.2,4917.0,True,organic,False,,2,3,4,4,3,0,0,0,1,0,0,1,1,3,0,0,0,0,0,0
uuid:00312,HH-IBA-0312,A. Tumusiime,2026-05-08 15:46:00,2026-05-08 16:27:00,2026-05-08,ibanda,kicuzi,-0.10377,30.4463,5.0,male,38.0,1.99,431.0,KR10 KR5 KR7 KR9,1603.4,4770.0,True,organic,False,,3,2,2,1,3,0,1,0,0,1,0,1,1,4,0,0,1,1,0,2
uuid:00220,HH-KIR-0220,E. Ainembabazi,2026-05-08 14:46:00,2026-05-08 15:28:00,2026-05-08,kiruhura,nyamarebe,-0.12538,30.61048,3.0,male,62.0,1.88,482.0,KR1 KR10,1250.0,4392.0,True,organic,False,,4,1,4,3,5,1,1,0,0,0,0,0,0,2,0,0,0,0,0,0
uuid:00266,HH-RUB-0266,C. Kyomuhendo,2026-05-24 08:13:00,2026-05-24 08:22:00,2026-05-24,rubirizi,rukiri,-0.35692,30.13984,3.0,female,40.0,1.52,389.0,KR2 KR6 KR9,1018.6,4671.0,True,organic,True,pest_scouting post_harvest pruning shade_mgmt,5,1,4,2,5,0,0,1,0,0,1,0,1,3,1,1,1,1,0,4
uuid:00045,HH-IBA-0045,D. Mugisha,2026-05-11 12:29:00,2026-05-11 13:03:00,2026-05-11,ibanda,rukiri,-0.12731,30.44911,5.0,male,48.0,3.03,421.0,KR10 KR2,2050.7,5612.0,True,dap,True,pest_scouting shade_mgmt stumping,5,5,5,5,5,0,1,1,0,0,0,0,0,2,1,0,0,1,1,3
uuid:00128,HH-RUB-0128,C. Kyomuhendo,2026-05-09 09:25:00,2026-05-09 09:31:00,2026-05-09,rubirizi,nyamarebe,-0.38965,30.31547,9.0,male,30.0,1.19,357.0,KR2 KR5,824.2,4654.0,True,dap,False,,5,1,2,4,4,0,0,1,0,1,0,0,0,2,0,0,0,0,0,0
uuid:00350,HH-RUB-0350,C. Kyomuhendo,2026-05-06 09:19:00,2026-05-06 09:23:00,2026-05-06,rubirizi,rukiri,-0.2551,29.96017,8.0,female,44.0,2.42,484.0,KR1 KR3,1391.2,5086.0,True,npk,True,pest_scouting post_harvest pruning stumping,1,1,2,1,4,1,0,0,1,0,0,0,0,2,1,1,1,0,1,4
uuid:00087,HH-IBA-0087,D. Mugisha,2026-05-13 16:15:00,2026-05-13 16:48:00,2026-05-13,ibanda,bisheshe,-0.24052,30.55297,5.0,female,28.0,1.55,481.0,KR2 KR3 KR5 KR9,718.5,5943.0,True,npk,False,,5,3,3,2,1,0,0,1,1,1,0,0,1,4,0,0,0,0,0,0
uuid:00095,HH-RUB-0095,F. Byaruhanga,2026-05-10 12:07:00,2026-05-10 12:45:00,2026-05-10,rubirizi,bisheshe,-0.18911,30.06143,5.0,male,,0.54,,KR2 KR6 KR7 KR9,226.3,,True,dap,False,,4,4,4,1,5,0,0,1,0,0,1,1,1,4,0,0,0,0,0,0
uuid:00157,HH-KIR-0157,B. Nakato,2026-05-23 14:40:00,2026-05-23 15:12:00,2026-05-23,kiruhura,rukiri,-0.25174,30.96087,6.0,male,40.0,0.88,425.0,KR10 KR2 KR6 KR9,401.3,5267.0,False,,True,pest_scouting shade_mgmt stumping,5,4,4,1,4,0,1,1,0,0,1,0,1,4,1,0,0,1,1,3
uuid:00299,HH-RUB-0299,F. Byaruhanga,2026-05-20 15:35:00,2026-05-20 16:00:00,2026-05-20,rubirizi,kicuzi,-0.20335,30.04151,8.0,male,,7.13,,KR1 KR2 KR6,4134.1,,False,,False,,4,3,1,1,1,1,0,1,0,0,1,0,0,3,0,0,0,0,0,0
uuid:00116,HH-RUB-0116,C. Kyomuhendo,2026-05-05 16:31:00,2026-05-05 16:39:00,2026-05-05,rubirizi,kicuzi,-0.24197,30.03958,1.0,male,19.0,2.79,571.0,KR2 KR3,2472.5,4027.0,True,dap,False,,4,1,1,3,2,0,0,1,1,0,0,0,0,2,0,0,0,0,0,0
uuid:00242,HH-RUB-0242,C. Kyomuhendo,2026-05-21 10:18:00,2026-05-21 10:24:00,2026-05-21,rubirizi,kicuzi,-0.2308,29.94787,8.0,male,53.0,1.26,611.0,KR6,916.8,4676.0,True,dap,True,post_harvest pruning shade_mgmt,1,5,4,1,1,0,0,0,0,0,1,0,0,1,0,1,1,1,0,3
uuid:00040,HH-KIR-0040,E. Ainembabazi,2026-05-19 11:51:00,2026-05-19 12:20:00,2026-05-19,kiruhura,rukiri,-0.37904,30.69991,5.0,male,43.0,1.73,550.0,KR6 KR9,750.0,5758.0,True,organic,True,pest_scouting post_harvest pruning,4,4,2,1,5,0,0,0,0,0,1,0,1,2,1,1,1,0,0,3
uuid:00414,HH-IBA-0414,A. Tumusiime,2026-05-07 13:46:00,2026-05-07 14:24:00,2026-05-07,ibanda,rukiri,-0.09688,30.50421,1.0,male,37.0,2.34,480.0,KR10 KR2 KR3 KR6,1281.3,4838.0,True,dap,False,,1,3,5,1,4,0,1,1,1,0,1,0,0,4,0,0,0,0,0,0
uuid:00386,HH-RUB-0386,C. Kyomuhendo,2026-05-06 16:20:00,2026-05-06 16:26:00,2026-05-06,rubirizi,nyamarebe,-0.2475,30.19611,7.0,male,47.0,1.31,440.0,KR3,786.2,5896.0,False,,True,pest_scouting post_harvest shade_mgmt stumping,4,3,2,1,3,0,0,0,1,0,0,0,0,1,1,1,0,1,1,4
uuid:00004,HH-KIR-0004,E. Ainembabazi,2026-05-07 13:11:00,2026-05-07 13:45:00,2026-05-07,kiruhura,kicuzi,-0.19217,30.89015,5.0,male,45.0,1.93,469.0,KR1,1150.0,4296.0,False,,True,pest_scouting post_harvest pruning shade_mgmt,5,3,2,2,4,1,0,0,0,0,0,0,0,1,1,1,1,1,0,4
uuid:00372,HH-IBA-0372,A. Tumusiime,2026-05-10 13:02:00,2026-05-10 13:33:00,2026-05-10,ibanda,rukiri,-0.15421,30.72732,9.0,female,44.0,4.93,443.0,KR10 KR2 KR3 KR7,1398.7,6267.0,False,,False,,2,2,5,1,2,0,1,1,1,0,0,1,0,4,0,0,0,0,0,0
uuid:00198,HH-IBA-0198,A. Tumusiime,2026-05-17 11:40:00,2026-05-17 12:18:00,2026-05-17,ibanda,kicuzi,-0.08889,30.46422,7.0,male,40.0,2.92,313.0,KR3,1831.0,4205.0,False,,False,,1,5,5,3,5,0,0,0,1,0,0,0,0,1,0,0,0,0,0,0
uuid:00335,HH-RUB-0335,F. Byaruhanga,2026-05-19 13:51:00,2026-05-19 14:25:00,2026-05-19,rubirizi,bisheshe,-0.31273,29.99181,3.0,female,32.0,2.26,434.0,KR9,1407.9,4994.0,True,organic,True,pruning stumping,1,2,5,1,2,0,0,0,0,0,0,0,1,1,0,0,1,0,1,2
uuid:00362,HH-RUB-0362,C. Kyomuhendo,2026-05-06 15:27:00,2026-05-06 15:33:00,2026-05-06,rubirizi,bisheshe,-0.30512,30.19849,6.0,male,46.0,3.41,508.0,KR1 KR10 KR2 KR6,1820.3,5721.0,False,,False,,1,5,1,4,5,1,1,1,0,0,1,0,0,4,0,0,0,0,0,0
uuid:00086,HH-RUB-0086,C. Kyomuhendo,2026-05-22 16:23:00,2026-05-22 16:28:00,2026-05-22,rubirizi,nyamarebe,-0.08936,30.13853,6.0,female,42.0,2.75,607.0,KR1 KR2 KR5 KR6,1504.5,4372.0,True,dap,False,,2,4,2,2,5,1,0,1,0,1,1,0,0,4,0,0,0,0,0,0
uuid:00060,HH-IBA-0060,A. Tumusiime,2026-05-13 16:29:00,2026-05-13 17:08:00,2026-05-13,ibanda,nyamarebe,-0.17364,30.39787,11.0,male,29.0,4.08,510.0,KR10 KR2,925.2,4706.0,True,dap,True,pest_scouting shade_mgmt stumping,4,2,2,5,1,0,1,1,0,0,0,0,0,2,1,0,0,1,1,3
uuid:00257,HH-RUB-0257,F. Byaruhanga,2026-05-08 13:58:00,2026-05-08 14:21:00,2026-05-08,rubirizi,bisheshe,-0.39804,29.95366,6.0,female,71.0,2.74,456.0,KR2 KR7,2216.4,4423.0,False,,False,,3,3,4,4,2,0,0,1,0,0,0,1,0,2,0,0,0,0,0,0
uuid:00325,HH-KIR-0325,B. Nakato,2026-05-26 12:40:00,2026-05-26 13:08:00,2026-05-26,kiruhura,kicuzi,-0.13366,30.71079,2.0,male,47.0,2.3,384.0,KR9,1798.9,5407.0,False,,True,pest_scouting shade_mgmt stumping,5,2,4,5,1,0,0,0,0,0,0,0,1,1,1,0,0,1,1,3
uuid:00161,HH-RUB-0161,F. Byaruhanga,2026-05-18 12:31:00,2026-05-18 13:05:00,2026-05-18,rubirizi,rukiri,-0.25304,30.08987,6.0,male,54.0,2.5,618.0,KR2 KR9,2410.8,5290.0,True,organic,True,pruning shade_mgmt,4,5,5,4,5,0,0,1,0,0,0,0,1,2,0,0,1,1,0,2
uuid:00193,HH-KIR-0193,B. Nakato,2026-05-11 10:57:00,2026-05-11 11:31:00,2026-05-11,kiruhura,rukiri,-0.28278,30.8742,7.0,male,75.0,2.78,480.0,KR10 KR3 KR7,1655.7,4668.0,True,organic,False,,3,4,4,1,4,0,1,0,1,0,0,1,0,3,0,0,0,0,0,0
uuid:00364,HH-KIR-0364,E. Ainembabazi,2026-05-06 12:51:00,2026-05-06 13:20:00,2026-05-06,kiruhura,nyamarebe,-0.00084,30.76216,7.0,male,36.0,1.89,483.0,KR1 KR6,1300.0,4615.0,True,npk,False,,2,4,5,5,4,1,0,0,0,0,1,0,0,2,0,0,0,0,0,0
uuid:00245,HH-RUB-0245,F. Byaruhanga,2026-05-11 08:35:00,2026-05-11 09:15:00,2026-05-11,rubirizi,rukiri,-0.34055,30.13727,3.0,female,,1.93,,KR3 KR5 KR6 KR7,1623.1,,True,npk,False,,4,4,5,2,3,0,0,0,1,1,1,1,0,4,0,0,0,0,0,0
uuid:00318,HH-IBA-0318,A. Tumusiime,2026-05-23 12:49:00,2026-05-23 13:41:00,2026-05-23,ibanda,kicuzi,0.00347,30.44627,8.0,male,45.0,0.87,374.0,KR7 KR9,561.9,4719.0,True,dap,False,,2,4,5,3,2,0,0,0,0,0,0,1,1,2,0,0,0,0,0,0
uuid:00098,HH-RUB-0098,C. Kyomuhendo,2026-05-06 13:28:00,2026-05-06 13:34:00,2026-05-06,rubirizi,nyamarebe,-0.25454,29.95411,6.0,male,37.0,0.9,526.0,KR1 KR6,767.0,6509.0,False,,True,pest_scouting stumping,3,3,2,4,2,1,0,0,0,0,1,0,0,2,1,0,0,0,1,2
uuid:00385,HH-KIR-0385,B. Nakato,2026-05-05 13:57:00,2026-05-05 14:34:00,2026-05-05,kiruhura,bisheshe,-0.13584,30.76884,5.0,male,41.0,8.05,449.0,KR1 KR10 KR9,7190.3,5253.0,True,npk,False,,3,5,1,4,5,1,1,0,0,0,0,0,1,3,0,0,0,0,0,0
uuid:00212,HH-RUB-0212,C. Kyomuhendo,2026-05-08 12:31:00,2026-05-08 12:36:00,2026-05-08,rubirizi,kicuzi,-0.1712,30.1766,1.0,female,51.0,2.55,347.0,KR3,1784.1,5450.0,True,dap,False,,1,3,2,4,5,0,0,0,1,0,0,0,0,1,0,0,0,0,0,0
uuid:00028,HH-KIR-0028,E. Ainembabazi,2026-05-11 08:51:00,2026-05-11 09:32:00,2026-05-11,kiruhura,nyamarebe,-0.21174,30.71652,4.0,male,51.0,0.83,422.0,KR1 KR7 KR9,700.0,5160.0,False,,False,,5,5,4,4,2,1,0,0,0,0,0,1,1,3,0,0,0,0,0,0
uuid:00181,HH-KIR-0181,B. Nakato,2026-05-10 12:09:00,2026-05-10 12:52:00,2026-05-10,kiruhura,nyamarebe,-0.15636,30.93832,8.0,male,43.0,1.75,413.0,KR1 KR2 KR7,1240.8,6176.0,False,,False,,1,3,5,1,5,1,0,1,0,0,0,1,0,3,0,0,0,0,0,0
uuid:00039,HH-IBA-0039,D. Mugisha,2026-05-21 09:09:00,2026-05-21 09:47:00,2026-05-21,ibanda,rukiri,-0.25228,30.64707,6.0,male,23.0,4.83,515.0,KR2 KR6 KR7 KR9,3311.3,4751.0,True,dap,True,pest_scouting shade_mgmt stumping,3,3,3,3,3,0,0,1,0,0,1,1,1,4,1,0,0,1,1,3
uuid:00383,HH-RUB-0383,F. Byaruhanga,2026-05-25 16:10:00,2026-05-25 16:43:00,2026-05-25,rubirizi,bisheshe,-0.1497,30.06641,5.0,male,55.0,2.89,426.0,KR1,1626.8,5188.0,True,organic,False,,1,4,3,5,5,1,0,0,0,0,0,0,0,1,0,0,0,0,0,0
uuid:00142,HH-KIR-0142,E. Ainembabazi,2026-05-18 11:51:00,2026-05-18 12:33:00,2026-05-18,kiruhura,rukiri,-0.35591,30.62388,2.0,male,45.0,4.16,368.0,KR10 KR5 KR6 KR9,1800.0,4989.0,True,organic,False,,4,4,1,1,2,0,1,0,0,1,1,0,1,4,0,0,0,0,0,0
uuid:00194,HH-RUB-0194,C. Kyomuhendo,2026-05-10 12:08:00,2026-05-10 12:12:00,2026-05-10,rubirizi,bisheshe,-0.25082,30.19151,6.0,male,19.0,,564.0,KR5 KR7,1824.5,6134.0,False,,True,post_harvest pruning shade_mgmt stumping,2,3,5,2,2,0,0,0,0,1,0,1,0,2,0,1,1,1,1,4
uuid:00064,HH-KIR-0064,E. Ainembabazi,2026-05-25 10:07:00,2026-05-25 10:52:00,2026-05-25,kiruhura,kicuzi,-0.11054,30.86744,7.0,female,29.0,9.68,593.0,KR1 KR10 KR3 KR7,6850.0,4856.0,False,,False,,3,2,4,4,4,1,1,0,1,0,0,1,0,4,0,0,0,0,0,0
uuid:00313,HH-KIR-0313,B. Nakato,2026-05-26 08:18:00,2026-05-26 08:51:00,2026-05-26,kiruhura,rukiri,-0.14722,30.85107,7.0,female,42.0,3.22,490.0,KR10 KR2 KR9,1196.2,5021.0,True,dap,True,post_harvest pruning shade_mgmt stumping,4,2,4,2,3,0,1,1,0,0,0,0,1,3,0,1,1,1,1,4
uuid:00093,HH-IBA-0093,D. Mugisha,2026-05-04 13:17:00,2026-05-04 13:42:00,2026-05-04,ibanda,kicuzi,-0.0023,30.43354,3.0,male,39.0,3.39,466.0,KR5 KR6,2636.0,4303.0,False,,True,pruning,4,4,4,4,4,0,0,0,0,1,1,0,0,2,0,0,1,0,0,1
uuid:00264,HH-IBA-0264,A. Tumusiime,2026-05-27 14:23:00,2026-05-27 15:04:00,2026-05-27,ibanda,kicuzi,-0.19065,30.36967,7.0,male,52.0,1.73,549.0,KR3,798.4,5428.0,True,dap,True,pest_scouting stumping,1,2,4,1,1,0,0,0,1,0,0,0,0,1,1,0,0,0,1,2
uuid:00038,HH-RUB-0038,C. Kyomuhendo,2026-05-15 15:33:00,2026-05-15 15:41:00,2026-05-15,rubirizi,bisheshe,-0.34274,30.0004,7.0,male,20.0,1.85,421.0,KR2 KR5,1257.0,5449.0,False,,False,,3,2,2,3,2,0,0,1,0,1,0,0,0,2,0,0,0,0,0,0
uuid:00187,HH-KIR-0187,B. Nakato,2026-05-16 09:52:00,2026-05-16 10:40:00,2026-05-16,kiruhura,bisheshe,-0.05584,30.94926,5.0,male,35.0,1.21,516.0,KR3 KR6 KR9,529.2,5842.0,True,npk,False,,2,4,2,3,2,0,0,0,1,0,1,0,1,3,0,0,0,0,0,0
uuid:00150,HH-IBA-0150,A. Tumusiime,2026-05-20 11:14:00,2026-05-20 11:44:00,2026-05-20,ibanda,rukiri,-0.08041,30.58277,6.0,male,41.0,2.51,471.0,KR10 KR7,1959.2,5736.0,False,,False,,2,4,1,1,1,0,1,0,0,0,0,1,0,2,0,0,0,0,0,0
uuid:00394,HH-KIR-0394,E. Ainembabazi,2026-05-07 11:51:00,2026-05-07 12:32:00,2026-05-07,kiruhura,bisheshe,-0.22607,30.75835,5.0,male,56.0,1.59,585.0,KR1 KR6 KR7 KR9,950.0,6220.0,True,organic,False,,2,3,1,1,1,1,0,0,0,0,1,1,1,4,0,0,0,0,0,0
uuid:00216,HH-IBA-0216,A. Tumusiime,2026-05-24 10:28:00,2026-05-24 11:04:00,2026-05-24,ibanda,bisheshe,-0.15945,30.51823,1.0,female,66.0,6.73,604.0,KR2,4218.7,5083.0,True,npk,False,,1,5,3,2,2,0,0,1,0,0,0,0,0,1,0,0,0,0,0,0
uuid:00170,HH-RUB-0170,C. Kyomuhendo,2026-05-12 15:37:00,2026-05-12 15:43:00,2026-05-12,rubirizi,bisheshe,-0.19402,30.17346,6.0,male,47.0,4.74,611.0,KR10 KR3 KR5 KR9,2839.1,4661.0,True,organic,False,,5,2,2,5,1,0,1,0,1,1,0,0,1,4,0,0,0,0,0,0
uuid:00006,HH-IBA-0006,A. Tumusiime,2026-05-06 14:13:00,2026-05-06 14:53:00,2026-05-06,ibanda,kicuzi,-0.00025,30.49408,5.0,female,33.0,0.53,322.0,KR10 KR6,392.8,5164.0,False,,True,shade_mgmt stumping,2,1,2,1,5,0,1,0,0,0,1,0,0,2,0,0,0,1,1,2
uuid:00277,HH-KIR-0277,B. Nakato,2026-05-07 12:36:00,2026-05-07 13:11:00,2026-05-07,kiruhura,bisheshe,-0.25469,30.79968,5.0,male,30.0,5.95,583.0,KR2 KR3 KR6,3343.3,4372.0,True,dap,True,pruning,5,3,3,1,4,0,0,1,1,0,1,0,0,3,0,0,1,0,0,1
uuid:00168,HH-IBA-0168,A. Tumusiime,2026-05-11 15:32:00,2026-05-11 15:57:00,2026-05-11,ibanda,kicuzi,-0.09925,30.61204,8.0,male,33.0,1.92,484.0,KR6 KR9,1334.1,5627.0,False,,False,,4,5,1,1,2,0,0,0,0,0,1,0,1,2,0,0,0,0,0,0
uuid:00391,HH-KIR-0391,B. Nakato,2026-05-13 12:22:00,2026-05-13 12:55:00,2026-05-13,kiruhura,bisheshe,-0.24333,30.92274,7.0,female,47.0,1.81,530.0,KR1 KR10 KR7,1307.7,5826.0,True,organic,False,,3,2,1,1,5,1,1,0,0,0,0,1,0,3,0,0,0,0,0,0
uuid:00292,HH-KIR-0292,E. Ainembabazi,2026-05-25 08:09:00,2026-05-25 09:03:00,2026-05-25,kiruhura,nyamarebe,-0.15467,30.82448,7.0,male,57.0,2.32,387.0,KR2 KR7 KR9,1150.0,5442.0,True,dap,True,shade_mgmt,1,4,4,2,3,0,0,1,0,0,0,1,1,3,0,0,0,1,0,1
uuid:00201,HH-IBA-0201,D. Mugisha,2026-05-13 10:07:00,2026-05-13 10:45:00,2026-05-13,ibanda,kicuzi,-0.16234,30.5935,5.0,male,52.0,5.57,431.0,KR1 KR3 KR5 KR9,2033.8,5888.0,True,dap,False,,3,3,3,3,3,1,0,0,1,1,0,0,1,4,0,0,0,0,0,0
uuid:00184,HH-KIR-0184,E. Ainembabazi,2026-05-12 14:20:00,2026-05-12 14:50:00,2026-05-12,kiruhura,kicuzi,-0.23541,30.94957,7.0,male,51.0,0.67,330.0,KR3,250.0,4649.0,True,organic,True,pest_scouting shade_mgmt stumping,4,5,1,2,5,0,0,0,1,0,0,0,0,1,1,0,0,1,1,3
uuid:00225,HH-IBA-0225,D. Mugisha,2026-05-04 11:27:00,2026-05-04 12:14:00,2026-05-04,ibanda,kicuzi,-0.11447,30.37495,4.0,male,28.0,,448.0,KR10 KR6,1282.5,5539.0,True,dap,False,,4,3,2,2,4,0,1,0,0,0,1,0,0,2,0,0,0,0,0,0
uuid:00203,HH-RUB-0203,F. Byaruhanga,2026-05-06 10:17:00,2026-05-06 10:39:00,2026-05-06,rubirizi,bisheshe,-0.3684,29.98043,3.0,male,,0.65,,KR5,203.6,,False,,False,,3,1,3,2,2,0,0,0,0,1,0,0,0,1,0,0,0,0,0,0
uuid:00393,HH-IBA-0393,D. Mugisha,2026-05-09 10:01:00,2026-05-09 10:44:00,2026-05-09,ibanda,nyamarebe,-0.10595,30.55138,9.0,female,50.0,1.39,422.0,KR1 KR7,961.4,5516.0,True,dap,False,,4,4,4,4,4,1,0,0,0,0,0,1,0,2,0,0,0,0,0,0
uuid:00175,HH-KIR-0175,B. Nakato,2026-05-06 14:19:00,2026-05-06 15:13:00,2026-05-06,kiruhura,nyamarebe,-0.33195,30.87518,8.0,female,68.0,2.43,568.0,KR2 KR3 KR7 KR9,2165.0,4618.0,True,organic,False,,5,2,4,4,4,0,0,1,1,0,0,1,1,4,0,0,0,0,0,0
uuid:00020,HH-RUB-0020,C. Kyomuhendo,2026-05-21 11:27:00,2026-05-21 11:36:00,2026-05-21,rubirizi,kicuzi,-0.29446,30.19854,3.0,male,50.0,1.83,378.0,KR1 KR7 KR9,1877.4,5165.0,True,dap,False,,4,4,3,3,3,1,0,0,0,0,0,1,1,3,0,0,0,0,0,0
uuid:00379,HH-KIR-0379,B. Nakato,2026-05-07 11:47:00,2026-05-07 12:33:00,2026-05-07,kiruhura,bisheshe,-0.31275,30.9049,6.0,male,55.0,4.93,562.0,KR2,3255.3,5833.0,False,,True,pest_scouting post_harvest shade_mgmt,3,5,4,1,2,0,0,1,0,0,0,0,0,1,1,1,0,1,0,3
uuid:00206,HH-RUB-0206,C. Kyomuhendo,2026-05-11 16:16:00,2026-05-11 16:20:00,2026-05-11,rubirizi,nyamarebe,-0.21537,30.17516,5.0,female,49.0,2.45,433.0,KR1 KR5,1307.1,5943.0,True,npk,False,,3,4,1,5,5,1,0,0,0,1,0,0,0,2,0,0,0,0,0,0
uuid:00143,HH-RUB-0143,F. Byaruhanga,2026-05-16 12:59:00,2026-05-16 13:32:00,2026-05-16,rubirizi,rukiri,-0.21824,30.00923,8.0,male,31.0,2.17,349.0,KR1,1177.7,5123.0,False,,True,pest_scouting pruning shade_mgmt stumping,5,3,5,4,3,1,0,0,0,0,0,0,0,1,1,0,1,1,1,4
uuid:00351,HH-IBA-0351,D. Mugisha,2026-05-24 12:09:00,2026-05-24 12:37:00,2026-05-24,ibanda,kicuzi,-0.16263,30.29459,5.0,male,48.0,2.04,468.0,KR10 KR6,1069.4,4812.0,True,organic,True,shade_mgmt,4,4,4,4,4,0,1,0,0,0,1,0,0,2,0,0,0,1,0,1
uuid:00015,HH-IBA-0015,D. Mugisha,2026-05-21 08:49:00,2026-05-21 09:23:00,2026-05-21,ibanda,kicuzi,0.0072,30.47178,4.0,male,45.0,2.03,489.0,KR1 KR10 KR3 KR9,741.2,5057.0,True,npk,False,,2,5,2,1,3,1,1,0,1,0,0,0,1,4,0,0,0,0,0,0
uuid:00228,HH-IBA-0228,A. Tumusiime,2026-05-26 08:59:00,2026-05-26 09:28:00,2026-05-26,ibanda,bisheshe,-0.15448,30.47395,10.0,male,33.0,4.1,565.0,KR6,2701.5,4674.0,False,,True,pruning stumping,4,5,4,2,5,0,0,0,0,0,1,0,0,1,0,0,1,0,1,2
uuid:00117,HH-IBA-0117,D. Mugisha,2026-05-09 16:26:00,2026-05-09 17:04:00,2026-05-09,ibanda,kicuzi,-0.18331,30.4256,4.0,male,27.0,6.02,371.0,KR2 KR9,4731.0,5150.0,False,,False,,3,3,3,3,3,0,0,1,0,0,0,0,1,2,0,0,0,0,0,0
uuid:00411,HH-IBA-0411,D. Mugisha,2026-05-14 14:37:00,2026-05-14 15:15:00,2026-05-14,ibanda,bisheshe,-0.15537,30.38949,5.0,male,25.0,1.89,438.0,KR2 KR3 KR5,1743.0,5136.0,True,organic,False,,2,4,2,5,1,0,0,1,1,1,0,0,0,3,0,0,0,0,0,0
uuid:00272,HH-RUB-0272,C. Kyomuhendo,2026-05-17 08:36:00,2026-05-17 08:42:00,2026-05-17,rubirizi,rukiri,-0.17259,30.12444,3.0,male,58.0,1.31,535.0,KR1 KR7 KR9,734.5,5289.0,True,npk,False,,3,5,5,3,3,1,0,0,0,0,0,1,1,3,0,0,0,0,0,0
uuid:00334,HH-KIR-0334,E. Ainembabazi,2026-05-14 11:08:00,2026-05-14 11:32:00,2026-05-14,kiruhura,bisheshe,-0.18679,30.95675,1.0,male,45.0,3.02,395.0,KR1 KR2 KR5 KR6,1800.0,6002.0,True,npk,False,,5,2,1,4,1,1,0,1,0,1,1,0,0,4,0,0,0,0,0,0
uuid:00072,HH-IBA-0072,A. Tumusiime,2026-05-24 16:33:00,2026-05-24 17:22:00,2026-05-24,ibanda,nyamarebe,-0.19033,30.53757,4.0,female,37.0,2.0,723.0,KR10 KR5,848.5,5524.0,True,npk,True,pest_scouting post_harvest pruning shade_mgmt,3,3,3,3,2,0,1,0,0,1,0,0,0,2,1,1,1,1,0,4
uuid:00171,HH-IBA-0171,D. Mugisha,2026-05-05 08:27:00,2026-05-05 09:13:00,2026-05-05,ibanda,kicuzi,-0.0748,30.509,5.0,male,46.0,0.54,694.0,KR3 KR5,305.3,5466.0,True,organic,False,,5,5,5,5,5,0,0,0,1,1,0,0,0,2,0,0,0,0,0,0
uuid:00188,HH-RUB-0188,C. Kyomuhendo,2026-05-27 15:48:00,2026-05-27 15:51:00,2026-05-27,rubirizi,bisheshe,-0.25846,30.1705,4.0,male,58.0,7.42,502.0,KR2 KR9,3797.7,4955.0,False,,False,,2,2,4,3,5,0,0,1,0,0,0,0,1,2,0,0,0,0,0,0
uuid:00145,HH-KIR-0145,B. Nakato,2026-05-19 08:54:00,2026-05-19 09:36:00,2026-05-19,kiruhura,rukiri,-0.04869,30.81784,2.0,male,36.0,2.6,442.0,KR1 KR10 KR2 KR7,1632.4,4797.0,True,npk,True,pest_scouting pruning shade_mgmt stumping,2,5,4,2,1,1,1,1,0,0,0,1,0,4,1,0,1,1,1,4
uuid:00019,HH-KIR-0019,B. Nakato,2026-05-26 15:35:00,2026-05-26 16:01:00,2026-05-26,kiruhura,bisheshe,-0.09737,30.84894,3.0,male,56.0,3.79,499.0,KR7,2957.2,3870.0,False,,False,,3,5,1,2,3,0,0,0,0,0,0,1,0,1,0,0,0,0,0,0
uuid:00115,HH-KIR-0115,B. Nakato,2026-05-22 14:09:00,2026-05-22 14:40:00,2026-05-22,kiruhura,rukiri,-0.21286,30.76002,5.0,female,46.0,3.28,452.0,KR1 KR3,2210.3,4252.0,False,,True,pest_scouting,4,3,3,1,2,1,0,0,1,0,0,0,0,2,1,0,0,0,0,1
uuid:00400,HH-KIR-0400,E. Ainembabazi,2026-05-09 13:00:00,2026-05-09 13:31:00,2026-05-09,kiruhura,nyamarebe,-0.04247,30.78255,5.0,male,47.0,4.26,385.0,KR3 KR7 KR9,3500.0,4218.0,True,dap,False,,2,1,3,2,5,0,0,0,1,0,0,1,1,3,0,0,0,0,0,0
uuid:00096,HH-IBA-0096,A. Tumusiime,2026-05-04 09:04:00,2026-05-04 09:52:00,2026-05-04,ibanda,kicuzi,-0.14704,30.5001,7.0,female,58.0,4.49,322.0,KR10 KR2,2032.4,4251.0,True,npk,True,shade_mgmt stumping,4,4,1,1,1,0,1,1,0,0,0,0,0,2,0,0,0,1,1,2
uuid:00345,HH-IBA-0345,D. Mugisha,2026-05-10 14:53:00,2026-05-10 15:32:00,2026-05-10,ibanda,bisheshe,-0.21987,30.45013,5.0,male,43.0,2.71,404.0,KR5,1509.9,4234.0,False,,False,,4,4,4,4,4,0,0,0,0,1,0,0,0,1,0,0,0,0,0,0
uuid:00211,HH-KIR-0211,B. Nakato,2026-05-04 14:04:00,2026-05-04 14:52:00,2026-05-04,kiruhura,nyamarebe,-0.14929,30.85247,8.0,male,52.0,3.13,473.0,KR10,1306.9,5296.0,False,,False,,1,5,4,4,2,0,1,0,0,0,0,0,0,1,0,0,0,0,0,0
uuid:00209,HH-RUB-0209,F. Byaruhanga,2026-05-13 12:32:00,2026-05-13 13:09:00,2026-05-13,rubirizi,nyamarebe,-0.2282,30.1238,4.0,female,32.0,3.41,565.0,KR1 KR2 KR6,2732.8,4610.0,True,npk,True,stumping,4,1,1,2,4,1,0,1,0,0,1,0,0,3,0,0,0,0,1,1
uuid:00251,HH-RUB-0251,F. Byaruhanga,2026-05-27 12:52:00,2026-05-27 13:15:00,2026-05-27,rubirizi,bisheshe,-0.29462,30.18638,7.0,male,46.0,1.25,445.0,KR10,759.2,6627.0,False,,False,,3,2,2,4,2,0,1,0,0,0,0,0,0,1,0,0,0,0,0,0
uuid:00182,HH-RUB-0182,C. Kyomuhendo,2026-05-26 10:40:00,2026-05-26 10:50:00,2026-05-26,rubirizi,rukiri,-0.10453,30.19285,5.0,male,48.0,2.5,484.0,KR1 KR3 KR7,1807.9,4646.0,True,organic,True,pest_scouting post_harvest pruning shade_mgmt,3,4,1,1,5,1,0,0,1,0,0,1,0,3,1,1,1,1,0,4
uuid:00174,HH-IBA-0174,A. Tumusiime,2026-05-23 10:43:00,2026-05-23 11:28:00,2026-05-23,ibanda,rukiri,-0.2552,30.45152,7.0,female,37.0,4.56,526.0,KR1,3289.6,6216.0,False,,False,,3,5,5,2,1,1,0,0,0,0,0,0,0,1,0,0,0,0,0,0
uuid:00360,HH-IBA-0360,A. Tumusiime,2026-05-22 16:50:00,2026-05-22 17:29:00,2026-05-22,ibanda,rukiri,-0.09434,30.45295,8.0,male,43.0,3.3,403.0,KR1 KR3 KR5 KR6,1975.1,5108.0,True,npk,False,,5,3,5,5,1,1,0,0,1,1,1,0,0,4,0,0,0,0,0,0
uuid:00319,HH-KIR-0319,B. Nakato,2026-05-21 11:33:00,2026-05-21 12:09:00,2026-05-21,kiruhura,kicuzi,-0.14242,30.74701,5.0,female,43.0,1.75,627.0,KR10 KR2 KR3 KR7,1129.8,4460.0,True,organic,False,,5,5,2,1,5,0,1,1,1,0,0,1,0,4,0,0,0,0,0,0
uuid:00387,HH-IBA-0387,D. Mugisha,2026-05-18 10:53:00,2026-05-18 11:39:00,2026-05-18,ibanda,nyamarebe,-0.1177,30.62389,5.0,female,36.0,4.87,620.0,KR3 KR5,3216.6,5587.0,False,,False,,4,4,4,4,4,0,0,0,1,1,0,0,0,2,0,0,0,0,0,0
uuid:00186,HH-IBA-0186,A. Tumusiime,2026-05-26 14:35:00,2026-05-26 15:26:00,2026-05-26,ibanda,nyamarebe,-0.14921,30.51698,3.0,male,29.0,1.18,555.0,KR10,6136.0,5016.0,True,organic,True,shade_mgmt,1,2,1,3,2,0,1,0,0,0,0,0,0,1,0,0,0,1,0,1
uuid:00408,HH-IBA-0408,A. Tumusiime,2026-05-13 14:27:00,2026-05-13 15:12:00,2026-05-13,ibanda,rukiri,-0.25749,30.49137,1.0,male,38.0,3.06,495.0,KR9,2477.8,5437.0,True,dap,False,,2,3,3,4,3,0,0,0,0,0,0,0,1,1,0,0,0,0,0,0
uuid:00021,HH-IBA-0021,D. Mugisha,2026-05-05 12:45:00,2026-05-05 13:20:00,2026-05-05,ibanda,kicuzi,-0.05319,30.45336,9.0,female,51.0,1.16,475.0,KR10 KR5 KR6,883.1,5091.0,True,dap,False,,3,3,3,3,3,0,1,0,0,1,1,0,0,3,0,0,0,0,0,0
uuid:00102,HH-IBA-0102,A. Tumusiime,2026-05-09 16:30:00,2026-05-09 17:10:00,2026-05-09,ibanda,rukiri,-0.0751,30.55025,7.0,male,52.0,4.63,395.0,KR3 KR5 KR6 KR9,2350.6,6097.0,True,npk,False,,5,5,2,2,5,0,0,0,1,1,1,0,1,4,0,0,0,0,0,0
uuid:00008,HH-RUB-0008,C. Kyomuhendo,2026-05-14 13:22:00,2026-05-14 13:25:00,2026-05-14,rubirizi,bisheshe,-0.1398,30.06436,6.0,female,40.0,3.67,486.0,KR3 KR6 KR9,1833.6,5093.0,True,npk,False,,2,1,4,4,5,0,0,0,1,0,1,0,1,3,0,0,0,0,0,0
uuid:00049,HH-KIR-0049,B. Nakato,2026-05-25 08:32:00,2026-05-25 08:53:00,2026-05-25,kiruhura,nyamarebe,-0.03194,30.84752,6.0,male,53.0,1.22,384.0,KR2 KR9,883.6,5169.0,False,,True,pest_scouting post_harvest shade_mgmt,3,1,3,1,4,0,0,1,0,0,0,0,1,2,1,1,0,1,0,3
uuid:00094,HH-KIR-0094,E. Ainembabazi,2026-05-18 09:21:00,2026-05-18 09:58:00,2026-05-18,kiruhura,kicuzi,-0.12578,30.87315,10.0,male,38.0,3.45,449.0,KR1 KR6 KR7,2150.0,5305.0,False,,False,,4,3,3,1,5,1,0,0,0,0,1,1,0,3,0,0,0,0,0,0
uuid:00122,HH-RUB-0122,C. Kyomuhendo,2026-05-27 12:43:00,2026-05-27 12:48:00,2026-05-27,rubirizi,rukiri,-0.12503,30.0867,,female,50.0,4.64,452.0,KR7,2968.7,5404.0,False,,True,post_harvest,5,4,5,2,2,0,0,0,0,0,0,1,0,1,0,1,0,0,0,1
uuid:90001,HH-IBA-0132,A. Tumusiime,2026-05-15 13:33:00,2026-05-15 14:02:00,2026-05-15,ibanda,kicuzi,-0.02505,30.624,9.0,female,72.0,2.21,420.0,KR2 KR3 KR7,1546.4,5621.0,True,dap,False,,5,3,4,2,1,0,0,1,1,0,0,1,0,3,0,0,0,0,0,0
uuid:00089,HH-RUB-0089,F. Byaruhanga,2026-05-09 11:48:00,2026-05-09 12:25:00,2026-05-09,rubirizi,rukiri,-0.35014,30.14173,7.0,female,36.0,2.0,452.0,KR1 KR3 KR7 KR9,831.3,5015.0,False,,False,,2,4,1,2,3,1,0,0,1,0,0,1,1,4,0,0,0,0,0,0
uuid:00247,HH-KIR-0247,B. Nakato,2026-05-19 11:50:00,2026-05-19 12:24:00,2026-05-19,kiruhura,kicuzi,-0.36868,31.03609,9.0,female,50.0,2.19,409.0,KR1 KR2 KR3,1501.4,5848.0,False,,True,pest_scouting pruning shade_mgmt,2,5,3,1,1,1,0,1,1,0,0,0,0,3,1,0,1,1,0,3
uuid:00014,HH-RUB-0014,C. Kyomuhendo,2026-05-13 16:38:00,2026-05-13 16:46:00,2026-05-13,rubirizi,kicuzi,-0.31215,30.05285,10.0,male,46.0,3.53,499.0,KR6 KR9,2046.3,5153.0,False,,False,,5,2,4,2,3,0,0,0,0,0,1,0,1,2,0,0,0,0,0,0
uuid:00103,HH-KIR-0103,B. Nakato,2026-05-06 14:21:00,2026-05-06 14:51:00,2026-05-06,kiruhura,nyamarebe,-0.26085,30.72829,4.0,female,43.0,0.63,418.0,KR1 KR3,440.4,4574.0,False,,False,,1,5,1,2,4,1,0,0,1,0,0,0,0,2,0,0,0,0,0,0
uuid:00208,HH-KIR-0208,E. Ainembabazi,2026-05-25 16:48:00,2026-05-25 17:28:00,2026-05-25,kiruhura,rukiri,-0.17036,30.75771,2.0,male,34.0,5.2,326.0,KR10,2400.0,4229.0,True,npk,True,pest_scouting post_harvest pruning,1,2,3,1,2,0,1,0,0,0,0,0,0,1,1,1,1,0,0,3
uuid:00401,HH-RUB-0401,F. Byaruhanga,2026-05-15 08:41:00,2026-05-15 09:27:00,2026-05-15,rubirizi,kicuzi,-0.23985,30.22499,1.0,male,51.0,2.13,465.0,KR3,1328.2,4140.0,True,dap,True,post_harvest pruning shade_mgmt stumping,5,1,4,2,1,0,0,0,1,0,0,0,0,1,0,1,1,1,1,4
uuid:00031,HH-KIR-0031,B. Nakato,2026-05-21 12:43:00,2026-05-21 13:13:00,2026-05-21,kiruhura,bisheshe,-0.09654,30.87446,7.0,male,59.0,2.09,550.0,KR10 KR2 KR9,1645.3,4602.0,True,dap,False,,3,2,5,3,1,0,1,1,0,0,0,0,1,3,0,0,0,0,0,0
uuid:00283,HH-KIR-0283,B. Nakato,2026-05-15 13:58:00,2026-05-15 14:43:00,2026-05-15,kiruhura,rukiri,-0.11191,30.85525,2.0,male,48.0,2.44,487.0,KR2 KR7,1162.9,5172.0,True,organic,True,pest_scouting pruning stumping,5,4,3,4,4,0,0,1,0,0,0,1,0,2,1,0,1,0,1,3
uuid:00232,HH-KIR-0232,E. Ainembabazi,2026-05-24 12:00:00,2026-05-24 12:37:00,2026-05-24,kiruhura,rukiri,-1.62,29.1,9.0,male,58.0,1.45,324.0,KR2 KR5 KR6 KR7,800.0,5373.0,False,,True,pest_scouting stumping,5,2,2,5,3,0,0,1,0,1,1,1,0,4,1,0,0,0,1,2
uuid:00301,HH-KIR-0301,B. Nakato,2026-05-22 11:37:00,2026-05-22 12:25:00,2026-05-22,kiruhura,bisheshe,-0.09977,30.74474,7.0,male,41.0,0.67,418.0,KR10 KR6 KR7,577.7,5718.0,True,dap,False,,3,3,1,4,3,0,1,0,0,0,1,1,0,3,0,0,0,0,0,0
uuid:00077,HH-RUB-0077,F. Byaruhanga,2026-05-11 13:59:00,2026-05-11 14:38:00,2026-05-11,rubirizi,nyamarebe,-0.2487,30.14703,4.0,male,67.0,4.44,403.0,KR3 KR9,2017.6,5153.0,True,dap,False,,3,4,3,4,2,0,0,0,1,0,0,0,1,2,0,0,0,0,0,0
uuid:00253,HH-KIR-0253,B. Nakato,2026-05-04 12:25:00,2026-05-04 13:13:00,2026-05-04,kiruhura,nyamarebe,-0.07517,30.74323,9.0,male,45.0,2.04,475.0,KR10 KR7,1133.1,5788.0,False,,True,pest_scouting pruning shade_mgmt,1,5,3,1,5,0,1,0,0,0,0,1,0,2,1,0,1,1,0,3
uuid:00088,HH-KIR-0088,E. Ainembabazi,2026-05-15 10:22:00,2026-05-15 10:57:00,2026-05-15,kiruhura,bisheshe,-0.15421,30.85097,6.0,male,39.0,1.12,507.0,KR10 KR2 KR9,900.0,5125.0,False,,False,,1,4,3,4,3,0,1,1,0,0,0,0,1,3,0,0,0,0,0,0
uuid:00048,HH-IBA-0048,A. Tumusiime,2026-05-27 13:22:00,2026-05-27 13:56:00,2026-05-27,ibanda,nyamarebe,-0.15576,30.33724,5.0,female,50.0,7.13,639.0,KR10 KR2 KR3 KR5,5514.8,4197.0,True,npk,False,,2,3,2,4,3,0,1,1,1,1,0,0,0,4,0,0,0,0,0,0
uuid:00111,HH-IBA-0111,D. Mugisha,2026-05-20 14:12:00,2026-05-20 15:03:00,2026-05-20,ibanda,nyamarebe,-0.25729,30.37987,7.0,male,42.0,1.96,611.0,KR7 KR9,1556.4,4970.0,False,,False,,4,1,2,5,4,0,0,0,0,0,0,1,1,2,0,0,0,0,0,0
uuid:00204,HH-IBA-0204,A. Tumusiime,2026-05-18 10:25:00,2026-05-18 11:09:00,2026-05-18,ibanda,kicuzi,-0.0091,30.4408,4.0,male,51.0,1.46,434.0,KR10,913.3,5085.0,False,,False,,3,5,5,3,4,0,1,0,0,0,0,0,0,1,0,0,0,0,0,0
uuid:00047,HH-RUB-0047,F. Byaruhanga,2026-05-10 15:03:00,2026-05-10 15:39:00,2026-05-10,rubirizi,bisheshe,-0.27447,30.11745,4.0,male,40.0,4.31,574.0,KR1,2684.6,4622.0,True,dap,False,,4,5,5,4,1,1,0,0,0,0,0,0,0,1,0,0,0,0,0,0
uuid:00104,HH-RUB-0104,C. Kyomuhendo,2026-05-25 14:30:00,2026-05-25 14:40:00,2026-05-25,rubirizi,bisheshe,-0.25179,30.23615,4.0,male,35.0,3.44,333.0,KR2,1354.1,4481.0,True,dap,True,post_harvest pruning shade_mgmt,1,1,3,2,5,0,0,1,0,0,0,0,0,1,0,1,1,1,0,3
uuid:00056,HH-RUB-0056,C. Kyomuhendo,2026-05-19 12:47:00,2026-05-19 12:52:00,2026-05-19,rubirizi,kicuzi,-0.36362,30.25559,1.0,male,48.0,3.27,388.0,KR5,1832.4,4634.0,True,organic,False,,3,3,2,1,5,0,0,0,0,1,0,0,0,1,0,0,0,0,0,0
uuid:00311,HH-RUB-0311,F. Byaruhanga,2026-05-18 13:50:00,2026-05-18 14:26:00,2026-05-18,rubirizi,nyamarebe,-0.23079,30.06102,4.0,male,43.0,3.57,443.0,KR5 KR9,1260.7,5472.0,False,,False,,4,2,5,5,1,0,0,0,0,1,0,0,1,2,0,0,0,0,0,0
uuid:00202,HH-KIR-0202,E. Ainembabazi,2026-05-20 16:20:00,2026-05-20 16:40:00,2026-05-20,kiruhura,bisheshe,-0.38683,30.79537,9.0,male,44.0,1.3,530.0,KR1 KR10 KR3 KR5,800.0,4484.0,True,organic,False,,4,2,5,3,3,1,1,0,1,1,0,0,0,4,0,0,0,0,0,0
uuid:00371,HH-RUB-0371,F. Byaruhanga,2026-05-12 09:09:00,2026-05-12 09:57:00,2026-05-12,rubirizi,bisheshe,-0.28279,30.09302,1.0,male,,9.64,,KR2 KR9,5308.8,,True,organic,True,pest_scouting post_harvest pruning,4,4,4,1,3,0,0,1,0,0,0,0,1,2,1,1,1,0,0,3
uuid:00250,HH-KIR-0250,E. Ainembabazi,2026-05-18 12:37:00,2026-05-18 13:14:00,2026-05-18,kiruhura,bisheshe,-0.35215,30.845,4.0,male,63.0,1.34,398.0,KR2 KR3 KR7 KR9,950.0,5653.0,True,dap,True,pruning shade_mgmt stumping,5,5,3,1,2,0,0,1,1,0,0,1,1,4,0,0,1,1,1,3
uuid:00178,HH-KIR-0178,E. Ainembabazi,2026-05-13 15:28:00,2026-05-13 16:06:00,2026-05-13,kiruhura,nyamarebe,-0.33304,30.79042,9.0,male,46.0,2.26,569.0,KR2,1000.0,3583.0,True,npk,True,pest_scouting,4,2,1,1,3,0,0,1,0,0,0,0,0,1,1,0,0,0,0,1
uuid:00137,HH-RUB-0137,F. Byaruhanga,2026-05-10 15:46:00,2026-05-10 16:28:00,2026-05-10,rubirizi,rukiri,-0.23602,30.16509,10.0,male,57.0,1.13,276.0,KR3 KR5 KR6 KR9,921.2,5132.0,True,organic,True,pest_scouting pruning shade_mgmt stumping,5,2,1,5,2,0,0,0,1,1,1,0,1,4,1,0,1,1,1,4
uuid:00285,HH-IBA-0285,D. Mugisha,2026-05-14 09:51:00,2026-05-14 10:36:00,2026-05-14,ibanda,rukiri,-0.18058,30.52006,5.0,female,53.0,3.71,395.0,KR2 KR5 KR7 KR9,2148.0,4486.0,True,organic,False,,4,4,4,4,4,0,0,1,0,1,0,1,1,4,0,0,0,0,0,0
uuid:00281,HH-RUB-0281,F. Byaruhanga,2026-05-04 15:23:00,2026-05-04 15:56:00,2026-05-04,rubirizi,nyamarebe,-0.38675,30.23186,7.0,male,47.0,0.68,578.0,KR2 KR6 KR7 KR9,556.2,5866.0,True,organic,False,,3,1,2,5,3,0,0,1,0,0,1,1,1,4,0,0,0,0,0,0
uuid:00003,HH-IBA-0003,D. Mugisha,2026-05-18 12:38:00,2026-05-18 13:12:00,2026-05-18,ibanda,rukiri,-0.07178,30.32068,5.0,male,62.0,2.55,427.0,KR6 KR9,1501.0,4941.0,True,npk,False,,3,3,3,3,3,0,0,0,0,0,1,0,1,2,0,0,0,0,0,0
uuid:00189,HH-IBA-0189,D. Mugisha,2026-05-22 10:02:00,2026-05-22 10:40:00,2026-05-22,ibanda,rukiri,-0.23276,30.58336,3.0,male,48.0,5.41,458.0,KR1 KR3 KR6,1236.2,4815.0,False,,False,,4,4,4,4,4,1,0,0,1,0,1,0,0,3,0,0,0,0,0,0
uuid:00091,HH-KIR-0091,B. Nakato,2026-05-22 15:18:00,2026-05-22 16:12:00,2026-05-22,kiruhura,bisheshe,-0.19171,31.01894,4.0,male,32.0,5.07,475.0,KR2 KR6,4920.5,5159.0,True,organic,True,pest_scouting,1,5,2,5,5,0,0,1,0,0,1,0,0,2,1,0,0,0,0,1
uuid:00260,HH-RUB-0260,C. Kyomuhendo,2026-05-27 14:35:00,2026-05-27 14:42:00,2026-05-27,rubirizi,bisheshe,-0.31707,30.1608,7.0,male,30.0,3.06,370.0,KR10 KR3 KR6 KR9,2332.2,5704.0,True,organic,True,pest_scouting shade_mgmt stumping,2,2,2,1,2,0,1,0,1,0,1,0,1,4,1,0,0,1,1,3
uuid:00367,HH-KIR-0367,B. Nakato,2026-05-04 15:31:00,2026-05-04 16:04:00,2026-05-04,kiruhura,kicuzi,-0.21652,30.73854,5.0,male,63.0,1.97,606.0,KR1 KR10 KR7,883.0,5579.0,False,,False,,4,3,5,5,1,1,1,0,0,0,0,1,0,3,0,0,0,0,0,0
uuid:00375,HH-IBA-0375,D. Mugisha,2026-05-22 14:12:00,2026-05-22 14:52:00,2026-05-22,ibanda,rukiri,-0.01523,30.30228,8.0,male,64.0,1.79,544.0,KR7,878.5,4727.0,False,,False,,5,5,5,5,5,0,0,0,0,0,0,1,0,1,0,0,0,0,0,0
uuid:00276,HH-IBA-0276,A. Tumusiime,2026-05-05 16:22:00,2026-05-05 16:56:00,2026-05-05,ibanda,nyamarebe,-0.23816,30.37377,4.0,male,73.0,0.95,688.0,KR2 KR3 KR5 KR9,507.5,4283.0,True,dap,False,,5,2,1,2,2,0,0,1,1,1,0,0,1,4,0,0,0,0,0,0
uuid:00291,HH-IBA-0291,D. Mugisha,2026-05-18 08:56:00,2026-05-18 09:44:00,2026-05-18,ibanda,rukiri,-0.02194,30.43687,10.0,male,36.0,0.66,399.0,KR1 KR10 KR2,519.6,5407.0,True,dap,True,pest_scouting pruning shade_mgmt stumping,4,3,4,1,4,1,1,1,0,0,0,0,0,3,1,0,1,1,1,4
uuid:00050,HH-RUB-0050,C. Kyomuhendo,2026-05-14 15:24:00,2026-05-14 15:30:00,2026-05-14,rubirizi,bisheshe,-0.1696,30.03607,4.0,female,57.0,1.38,355.0,KR1,881.9,4417.0,False,,False,,1,3,5,2,5,1,0,0,0,0,0,0,0,1,0,0,0,0,0,0
uuid:00057,HH-IBA-0057,D. Mugisha,2026-05-09 10:39:00,2026-05-09 11:16:00,2026-05-09,ibanda,rukiri,-0.04684,30.60564,8.0,female,44.0,0.63,403.0,KR10 KR3 KR5 KR7,335.4,4828.0,False,,False,,3,3,3,3,3,0,1,0,1,1,0,1,0,4,0,0,0,0,0,0
uuid:00195,HH-IBA-0195,D. Mugisha,2026-05-11 13:08:00,2026-05-11 13:53:00,2026-05-11,ibanda,kicuzi,-0.26693,30.59457,11.0,male,53.0,5.16,506.0,KR1,2622.7,4377.0,True,npk,False,,3,3,3,3,3,1,0,0,0,0,0,0,0,1,0,0,0,0,0,0
uuid:00369,HH-IBA-0369,D. Mugisha,2026-05-08 12:33:00,2026-05-08 13:09:00,2026-05-08,ibanda,kicuzi,-0.07522,30.4565,4.0,male,52.0,1.06,473.0,KR6 KR7,589.9,5639.0,False,,False,,3,3,3,3,3,0,0,0,0,0,1,1,0,2,0,0,0,0,0,0
uuid:00164,HH-RUB-0164,C. Kyomuhendo,2026-05-24 10:11:00,2026-05-24 10:19:00,2026-05-24,rubirizi,kicuzi,-0.12739,30.2391,1.0,male,69.0,5.6,280.0,KR2 KR5 KR7 KR9,4772.9,5131.0,True,dap,False,,4,1,2,5,5,0,0,1,0,1,0,1,1,4,0,0,0,0,0,0
uuid:00239,HH-RUB-0239,F. Byaruhanga,2026-05-09 16:44:00,2026-05-09 17:25:00,2026-05-09,rubirizi,rukiri,-0.24821,30.20419,5.0,male,54.0,1.38,432.0,KR2,1016.9,5022.0,False,,True,post_harvest,4,4,2,2,3,0,0,1,0,0,0,0,0,1,0,1,0,0,0,1
uuid:00309,HH-IBA-0309,D. Mugisha,2026-05-04 16:17:00,2026-05-04 17:01:00,2026-05-04,ibanda,kicuzi,-0.15828,30.51732,2.0,male,44.0,6.23,530.0,KR1 KR5 KR6 KR7,3690.0,4930.0,True,npk,False,,4,4,4,4,4,1,0,0,0,1,1,1,0,4,0,0,1,1,0,2
uuid:00059,HH-RUB-0059,F. Byaruhanga,2026-05-06 16:31:00,2026-05-06 17:19:00,2026-05-06,rubirizi,kicuzi,-0.20048,29.97222,5.0,female,41.0,1.86,449.0,KR10 KR5,1237.9,4551.0,False,,False,,3,4,5,2,5,0,1,0,0,1,0,0,0,2,0,0,0,0,0,0
uuid:00026,HH-RUB-0026,C. Kyomuhendo,2026-05-12 09:15:00,2026-05-12 09:19:00,2026-05-12,rubirizi,bisheshe,-0.28427,30.06026,6.0,male,49.0,1.56,293.0,KR5,990.0,5498.0,True,npk,True,pest_scouting post_harvest,2,1,5,2,5,0,0,0,0,1,0,0,0,1,1,1,0,0,0,2
uuid:00144,HH-IBA-0144,A. Tumusiime,2026-05-15 09:37:00,2026-05-15 10:22:00,2026-05-15,ibanda,bisheshe,-0.35766,30.57955,11.0,female,45.0,0.88,549.0,KR7 KR9,349.9,4368.0,True,npk,False,,2,3,4,3,1,0,0,0,0,0,0,1,1,2,0,0,0,0,0,0
uuid:00025,HH-KIR-0025,B. Nakato,2026-05-10 10:28:00,2026-05-10 11:05:00,2026-05-10,kiruhura,bisheshe,-0.2839,30.88455,5.0,male,43.0,2.3,648.0,KR5 KR9,1375.6,5033.0,True,dap,True,pest_scouting shade_mgmt stumping,2,1,4,3,5,0,0,0,0,1,0,0,1,2,1,0,0,1,1,3
uuid:00353,HH-RUB-0353,F. Byaruhanga,2026-05-20 14:30:00,2026-05-20 15:01:00,2026-05-20,rubirizi,kicuzi,-0.12643,30.12654,8.0,male,,2.44,,KR1 KR2,1085.8,,False,,True,pest_scouting pruning shade_mgmt stumping,4,4,5,3,4,1,0,1,0,0,0,0,0,2,1,0,1,1,1,4
uuid:00303,HH-IBA-0303,D. Mugisha,2026-05-26 14:12:00,2026-05-26 14:59:00,2026-05-26,ibanda,rukiri,-0.33625,30.43274,9.0,male,27.0,1.78,479.0,KR7,666.0,5756.0,False,,False,,3,3,1,4,4,0,0,0,0,0,0,1,0,1,0,0,0,0,0,0
uuid:00141,HH-IBA-0141,D. Mugisha,2026-05-18 15:04:00,2026-05-18 15:36:00,2026-05-18,ibanda,nyamarebe,-0.13157,30.68388,7.0,male,47.0,3.65,481.0,KR5 KR7,1282.2,5971.0,False,,False,,3,3,3,3,3,0,0,0,0,1,0,1,0,2,0,0,0,0,0,0
uuid:00328,HH-KIR-0328,E. Ainembabazi,2026-05-24 15:16:00,2026-05-24 15:54:00,2026-05-24,kiruhura,kicuzi,-0.22251,30.79477,8.0,male,44.0,1.83,499.0,KR2,900.0,4915.0,True,organic,True,pest_scouting pruning stumping,3,1,4,4,1,0,0,1,0,0,0,0,0,1,1,0,1,0,1,3
uuid:00315,HH-IBA-0315,D. Mugisha,2026-05-14 08:25:00,2026-05-14 09:02:00,2026-05-14,ibanda,rukiri,-0.11503,30.37287,9.0,male,19.0,2.51,529.0,KR2 KR5 KR6 KR9,1552.0,5620.0,True,npk,False,,5,5,5,5,5,0,0,1,0,1,1,0,1,4,0,0,0,0,0,0
uuid:00156,HH-IBA-0156,A. Tumusiime,2026-05-14 14:16:00,2026-05-14 14:53:00,2026-05-14,ibanda,kicuzi,-0.07484,30.5016,9.0,female,54.0,1.8,441.0,KR10,907.7,6126.0,True,organic,False,,1,4,5,2,2,0,1,0,0,0,0,0,0,1,0,0,0,0,0,0
uuid:00081,HH-IBA-0081,D. Mugisha,2026-05-12 15:30:00,2026-05-12 16:12:00,2026-05-12,ibanda,rukiri,-0.03706,30.53083,8.0,male,61.0,3.32,408.0,KR1 KR10,1569.4,6207.0,True,dap,True,post_harvest shade_mgmt,2,1,4,2,4,1,1,0,0,0,0,0,0,2,0,1,0,1,0,2
uuid:00130,HH-KIR-0130,E. Ainembabazi,2026-05-16 15:16:00,2026-05-16 16:03:00,2026-05-16,kiruhura,kicuzi,-0.34247,30.70747,7.0,male,31.0,1.37,514.0,KR7,1000.0,6294.0,False,,False,,5,5,1,4,1,0,0,0,0,0,0,1,0,1,0,0,0,0,0,0
uuid:00355,HH-KIR-0355,B. Nakato,2026-05-06 16:53:00,2026-05-06 17:26:00,2026-05-06,kiruhura,rukiri,-0.22734,30.9042,5.0,female,50.0,10.19,486.0,KR1 KR10,5036.3,5671.0,True,dap,False,,3,4,2,2,2,1,1,0,0,0,0,0,0,2,0,0,0,0,0,0
uuid:00415,HH-KIR-0415,B. Nakato,2026-05-04 12:14:00,2026-05-04 12:29:00,2026-05-04,kiruhura,nyamarebe,-0.25244,30.79948,8.0,male,30.0,3.46,567.0,KR10 KR5 KR9,1796.6,3976.0,False,,False,,3,4,5,2,4,0,1,0,0,1,0,0,1,3,0,0,0,0,0,0
uuid:00297,HH-IBA-0297,D. Mugisha,2026-05-12 13:20:00,2026-05-12 13:51:00,2026-05-12,ibanda,nyamarebe,-0.19046,30.35978,1.0,female,35.0,2.62,576.0,KR10,1413.2,6813.0,False,,True,pest_scouting pruning shade_mgmt stumping,5,5,5,5,5,0,1,0,0,0,0,0,0,1,1,0,1,1,1,4
uuid:00173,HH-RUB-0173,F. Byaruhanga,2026-05-09 09:17:00,2026-05-09 09:41:00,2026-05-09,rubirizi,nyamarebe,-0.3591,30.20718,5.0,male,,1.77,,KR1,1136.6,,False,,True,pest_scouting pruning stumping,3,1,4,5,4,1,0,0,0,0,0,0,0,1,1,0,1,0,1,3
uuid:00217,HH-KIR-0217,B. Nakato,2026-05-06 13:36:00,2026-05-06 14:07:00,2026-05-06,kiruhura,bisheshe,-0.11185,30.91378,4.0,female,50.0,1.77,504.0,KR3 KR7 KR9,1134.2,4990.0,True,organic,True,pest_scouting post_harvest pruning shade_mgmt,5,4,4,3,1,0,0,0,1,0,0,1,1,3,1,1,1,1,0,4
uuid:00085,HH-KIR-0085,B. Nakato,2026-05-11 11:35:00,2026-05-11 12:21:00,2026-05-11,kiruhura,kicuzi,-0.3093,30.72591,5.0,male,19.0,1.63,563.0,KR1 KR10 KR2 KR5,732.7,5147.0,True,organic,False,,5,5,5,2,5,1,1,1,0,1,0,0,0,4,0,0,0,0,0,0
uuid:00256,HH-KIR-0256,E. Ainembabazi,2026-05-11 09:58:00,2026-05-11 10:23:00,2026-05-11,kiruhura,rukiri,-0.23136,30.97936,2.0,male,42.0,3.31,407.0,KR1 KR5 KR6,1600.0,6651.0,False,,False,,2,3,2,2,2,1,0,0,0,1,1,0,0,3,0,0,0,0,0,0
uuid:00261,HH-IBA-0261,D. Mugisha,2026-05-19 15:24:00,2026-05-19 16:06:00,2026-05-19,ibanda,kicuzi,-0.12161,30.41767,5.0,female,44.0,2.23,441.0,KR1 KR10 KR7 KR9,1897.3,5205.0,False,,True,shade_mgmt,4,5,3,5,3,1,1,0,0,0,0,1,1,4,0,0,0,1,0,1
uuid:00147,HH-IBA-0147,D. Mugisha,2026-05-19 10:26:00,2026-05-19 11:11:00,2026-05-19,ibanda,kicuzi,-0.14396,30.51604,10.0,male,70.0,2.37,473.0,KR1 KR2 KR6 KR7,2680.3,4959.0,False,,False,,3,3,3,3,3,1,0,1,0,0,1,1,0,4,0,0,0,0,0,0
uuid:00222,HH-IBA-0222,A. Tumusiime,2026-05-27 10:33:00,2026-05-27 11:14:00,2026-05-27,ibanda,bisheshe,-0.12889,30.49363,7.0,male,28.0,0.99,383.0,KR1 KR2 KR6 KR7,393.4,4716.0,True,npk,False,,2,1,2,4,1,1,0,1,0,0,1,1,0,4,0,0,0,0,0,0
uuid:00190,HH-KIR-0190,E. Ainembabazi,2026-05-21 12:20:00,2026-05-21 13:11:00,2026-05-21,kiruhura,kicuzi,-0.13119,30.87487,4.0,male,76.0,4.41,354.0,KR10,2200.0,4867.0,True,npk,False,,5,1,2,5,4,0,1,0,0,0,0,0,0,1,0,0,0,0,0,0
uuid:00317,HH-RUB-0317,F. Byaruhanga,2026-05-23 14:24:00,2026-05-23 15:12:00,2026-05-23,rubirizi,kicuzi,-0.28934,30.12007,2.0,male,60.0,1.54,502.0,KR10 KR5 KR9,711.2,4516.0,False,,True,pest_scouting post_harvest pruning stumping,1,5,5,4,4,0,1,0,0,1,0,0,1,3,1,1,1,0,1,4
uuid:00365,HH-RUB-0365,F. Byaruhanga,2026-05-24 08:20:00,2026-05-24 08:48:00,2026-05-24,rubirizi,nyamarebe,-0.33801,30.09259,5.0,male,,4.96,,KR1 KR9,4081.1,,True,npk,False,,5,3,5,3,5,1,0,0,0,0,0,0,1,2,0,0,0,0,0,0
uuid:00399,HH-IBA-0399,D. Mugisha,2026-05-25 15:45:00,2026-05-25 16:24:00,2026-05-25,ibanda,bisheshe,-0.13016,30.48942,7.0,male,37.0,2.71,546.0,KR6 KR7,1396.1,5853.0,True,dap,True,pest_scouting pruning stumping,1,1,4,5,1,0,0,0,0,0,1,1,0,2,1,0,1,0,1,3
uuid:00138,HH-IBA-0138,A. Tumusiime,2026-05-27 12:26:00,2026-05-27 12:50:00,2026-05-27,ibanda,kicuzi,0.01016,30.58247,5.0,male,34.0,1.56,236.0,KR3 KR5 KR6 KR9,794.2,4419.0,False,,False,,1,1,5,2,1,0,0,0,1,1,1,0,1,4,0,0,0,0,0,0
uuid:00368,HH-RUB-0368,C. Kyomuhendo,2026-05-08 10:56:00,2026-05-08 11:00:00,2026-05-08,rubirizi,kicuzi,-0.39865,30.1739,6.0,female,34.0,1.64,537.0,KR5 KR7,8528.0,4904.0,False,,True,pest_scouting,2,2,2,4,4,0,0,0,0,1,0,1,0,2,1,0,0,0,0,1
uuid:00166,HH-KIR-0166,E. Ainembabazi,2026-05-16 14:34:00,2026-05-16 15:19:00,2026-05-16,kiruhura,nyamarebe,-0.23807,30.86496,7.0,female,38.0,3.23,347.0,KR1 KR2 KR7 KR9,1050.0,5242.0,True,organic,False,,1,1,5,3,2,1,0,1,0,0,0,1,1,4,0,0,0,0,0,0
uuid:00342,HH-IBA-0342,A. Tumusiime,2026-05-23 12:46:00,2026-05-23 13:21:00,2026-05-23,ibanda,rukiri,-0.19665,30.41495,4.0,male,61.0,5.23,366.0,KR3 KR5 KR6,3690.9,5650.0,False,,False,,1,3,4,5,4,0,0,0,1,1,1,0,0,3,0,0,0,0,0,0
uuid:00243,HH-IBA-0243,D. Mugisha,2026-05-24 10:01:00,2026-05-24 10:49:00,2026-05-24,ibanda,bisheshe,-0.12075,30.42406,3.0,female,57.0,1.47,636.0,KR2 KR6,841.6,4888.0,True,npk,True,post_harvest pruning stumping,4,4,4,4,4,0,0,1,0,0,1,0,0,2,0,1,1,0,1,3
uuid:00382,HH-KIR-0382,E. Ainembabazi,2026-05-11 09:35:00,2026-05-11 10:07:00,2026-05-11,kiruhura,nyamarebe,-0.23506,30.83035,4.0,male,65.0,0.56,358.0,KR7,350.0,5320.0,True,organic,False,,4,1,2,4,5,0,0,0,0,0,0,1,0,1,0,0,0,0,0,0
uuid:00262,HH-KIR-0262,E. Ainembabazi,2026-05-15 09:39:00,2026-05-15 10:26:00,2026-05-15,kiruhura,nyamarebe,-0.35082,30.78179,6.0,female,67.0,6.38,575.0,KR9,5100.0,5229.0,True,dap,False,,2,2,4,5,5,0,0,0,0,0,0,0,1,1,0,0,0,0,0,0
uuid:00123,HH-IBA-0123,D. Mugisha,2026-05-18 13:46:00,2026-05-18 14:14:00,2026-05-18,ibanda,kicuzi,-0.04561,30.43305,5.0,male,51.0,5.01,452.0,KR1 KR2 KR3 KR5,708.1,5504.0,False,,True,pest_scouting post_harvest shade_mgmt,2,3,1,2,3,1,0,1,1,1,0,0,0,4,1,1,0,1,0,3
uuid:00327,HH-IBA-0327,D. Mugisha,2026-05-06 09:55:00,2026-05-06 10:34:00,2026-05-06,ibanda,rukiri,-0.15665,30.47127,6.0,male,64.0,1.2,489.0,KR10 KR3 KR7 KR9,812.0,5168.0,False,,False,,4,4,4,4,4,0,1,0,1,0,0,1,1,4,0,0,0,0,0,0
uuid:00113,HH-RUB-0113,F. Byaruhanga,2026-05-05 12:19:00,2026-05-05 12:47:00,2026-05-05,rubirizi,kicuzi,-0.27007,30.07035,8.0,male,,2.62,,KR10 KR7 KR9,1545.5,,True,organic,False,,3,2,1,1,3,0,1,0,0,0,0,1,1,3,0,0,0,0,0,0
uuid:00255,HH-IBA-0255,D. Mugisha,2026-05-06 13:40:00,2026-05-06 14:14:00,2026-05-06,ibanda,kicuzi,1.94,33.61,9.0,male,52.0,3.32,281.0,KR1 KR3 KR5 KR7,1407.0,4989.0,False,,True,pest_scouting shade_mgmt stumping,2,4,1,2,5,1,0,0,1,1,0,1,0,4,1,0,0,1,1,3
uuid:00024,HH-IBA-0024,A. Tumusiime,2026-05-23 09:28:00,2026-05-23 10:03:00,2026-05-23,ibanda,rukiri,-0.00527,30.57385,5.0,male,21.0,5.23,527.0,KR5 KR6,2342.4,5141.0,True,organic,False,,5,4,3,1,1,0,0,0,0,1,1,0,0,2,0,0,0,0,0,0
uuid:00305,HH-RUB-0305,F. Byaruhanga,2026-05-20 11:08:00,2026-05-20 11:40:00,2026-05-20,rubirizi,kicuzi,-0.22132,30.03783,6.0,female,36.0,2.39,448.0,KR1 KR10 KR2 KR6,1803.3,5223.0,False,,False,,4,2,5,2,3,1,1,1,0,0,1,0,0,4,0,0,0,0,0,0
uuid:00213,HH-IBA-0213,D. Mugisha,2026-05-22 14:44:00,2026-05-22 15:33:00,2026-05-22,ibanda,bisheshe,-0.10644,30.66979,7.0,male,59.0,2.13,659.0,KR6 KR7,1112.4,6725.0,True,organic,False,,2,5,2,2,5,0,0,0,0,0,1,1,0,2,0,0,0,0,0,0
uuid:00344,HH-RUB-0344,C. Kyomuhendo,2026-05-06 08:44:00,2026-05-06 08:50:00,2026-05-06,rubirizi,kicuzi,-0.26887,30.07101,3.0,male,45.0,1.24,341.0,KR10 KR2 KR3 KR7,883.2,5221.0,True,npk,True,pest_scouting post_harvest pruning shade_mgmt,5,5,4,2,1,0,1,1,1,0,0,1,0,4,1,1,1,1,0,4
uuid:00378,HH-IBA-0378,A. Tumusiime,2026-05-20 13:23:00,2026-05-20 14:02:00,2026-05-20,ibanda,nyamarebe,-0.08461,30.60605,10.0,male,54.0,2.09,293.0,KR9,1665.4,6103.0,True,npk,True,post_harvest shade_mgmt stumping,5,1,1,1,4,0,0,0,0,0,0,0,1,1,0,1,0,1,1,3
uuid:00179,HH-RUB-0179,F. Byaruhanga,2026-05-07 15:42:00,2026-05-07 16:24:00,2026-05-07,rubirizi,kicuzi,-0.41592,30.16062,5.0,male,,1.37,,KR10 KR6,700.0,,True,dap,True,pest_scouting post_harvest shade_mgmt,2,5,3,2,4,0,1,0,0,0,1,0,0,2,1,1,0,1,0,3
uuid:00120,HH-IBA-0120,A. Tumusiime,2026-05-10 10:30:00,2026-05-10 10:50:00,,ibanda,rukiri,-0.08266,30.44668,7.0,male,22.0,3.06,308.0,KR1 KR9,2470.6,4773.0,True,organic,False,,1,1,2,2,3,1,0,0,0,0,0,0,1,2,0,0,0,0,0,0
uuid:00389,HH-RUB-0389,F. Byaruhanga,2026-05-15 12:54:00,2026-05-15 13:40:00,2026-05-15,rubirizi,bisheshe,-0.26007,30.17087,6.0,female,35.0,1.06,771.0,KR2,654.9,5879.0,False,,True,pest_scouting pruning stumping,4,2,5,3,4,0,0,1,0,0,0,0,0,1,1,0,1,0,1,3
uuid:00373,HH-KIR-0373,B. Nakato,2026-05-12 08:52:00,2026-05-12 09:31:00,2026-05-12,kiruhura,bisheshe,-0.14596,30.96738,8.0,male,57.0,4.28,315.0,KR2 KR3,3916.5,5561.0,False,,False,,5,3,4,1,2,0,0,1,1,0,0,0,0,2,0,0,0,0,0,0
uuid:00180,HH-IBA-0180,A. Tumusiime,2026-05-07 10:36:00,2026-05-07 11:27:00,2026-05-07,ibanda,rukiri,-0.09712,30.45446,9.0,male,19.0,4.45,373.0,KR3 KR5 KR7,2468.9,4989.0,True,npk,False,,5,5,5,1,1,0,0,0,1,1,0,1,0,3,0,0,0,0,0,0
uuid:00290,HH-RUB-0290,C. Kyomuhendo,2026-05-05 16:12:00,2026-05-05 16:18:00,2026-05-05,rubirizi,bisheshe,-0.35135,30.152,9.0,male,59.0,0.65,378.0,KR2 KR9,478.7,6866.0,True,npk,False,,3,1,3,3,4,0,0,1,0,0,0,0,1,2,0,0,0,0,0,0
uuid:00022,HH-KIR-0022,E. Ainembabazi,2026-05-08 14:55:00,2026-05-08 15:24:00,2026-05-08,kiruhura,bisheshe,-0.19533,30.92951,2.0,male,36.0,2.2,566.0,KR3 KR6 KR9,1050.0,4694.0,True,dap,False,,2,1,4,5,3,0,0,0,1,0,1,0,1,3,0,0,0,0,0,0
uuid:00314,HH-RUB-0314,C. Kyomuhendo,2026-05-16 13:31:00,2026-05-16 13:39:00,2026-05-16,rubirizi,rukiri,-0.36505,29.99433,6.0,female,43.0,2.04,397.0,KR5 KR6 KR7,1069.1,5838.0,False,,False,,4,2,4,1,1,0,0,0,0,1,1,1,0,3,0,0,0,0,0,0
uuid:00332,HH-RUB-0332,C. Kyomuhendo,2026-05-21 12:54:00,2026-05-21 12:59:00,2026-05-21,rubirizi,bisheshe,-0.1327,30.13512,6.0,male,46.0,1.48,400.0,KR10 KR2 KR3 KR6,784.4,5970.0,True,organic,False,,3,4,3,5,2,0,1,1,1,0,1,0,0,4,0,0,0,0,0,0
uuid:00296,HH-RUB-0296,C. Kyomuhendo,2026-05-08 12:13:00,2026-05-08 12:20:00,2026-05-08,rubirizi,rukiri,-0.19784,30.01526,7.0,male,51.0,3.12,394.0,KR2,1846.0,5369.0,True,npk,False,,3,4,1,1,4,0,0,1,0,0,0,0,0,1,0,0,0,0,0,0
uuid:00011,HH-RUB-0011,F. Byaruhanga,2026-05-15 16:08:00,2026-05-15 16:48:00,2026-05-15,rubirizi,rukiri,-0.26742,30.11729,5.0,female,45.0,2.91,354.0,KR3,2217.6,4715.0,True,dap,True,pest_scouting pruning,1,5,3,5,4,0,0,0,1,0,0,0,0,1,1,0,1,0,0,2
uuid:00280,HH-KIR-0280,E. Ainembabazi,2026-05-08 12:32:00,2026-05-08 13:08:00,2026-05-08,kiruhura,bisheshe,-0.08589,30.55241,7.0,male,72.0,1.61,631.0,KR10,1000.0,4964.0,False,,False,,4,2,2,2,1,0,1,0,0,0,0,0,0,1,0,0,0,0,0,0
uuid:00146,HH-RUB-0146,C. Kyomuhendo,2026-05-16 12:03:00,2026-05-16 12:07:00,2026-05-16,rubirizi,bisheshe,-0.24699,30.12587,9.0,female,32.0,,667.0,KR1 KR2 KR3 KR9,5370.5,4530.0,True,organic,False,,1,1,1,2,5,1,0,1,1,0,0,0,1,4,0,0,0,0,0,0
uuid:00001,HH-KIR-0001,B. Nakato,2026-05-18 12:12:00,2026-05-18 12:48:00,2026-05-18,kiruhura,nyamarebe,-0.233,30.74193,4.0,male,35.0,0.98,494.0,KR1 KR6,578.3,4791.0,True,dap,False,,5,4,3,3,2,1,0,0,0,0,1,0,0,2,0,0,0,0,0,0
uuid:00075,HH-IBA-0075,D. Mugisha,2026-05-16 15:09:00,2026-05-16 16:02:00,2026-05-16,ibanda,nyamarebe,-0.28486,30.37954,8.0,female,51.0,2.36,435.0,KR2 KR5,1745.2,5214.0,True,dap,True,pest_scouting post_harvest shade_mgmt stumping,5,5,5,5,5,0,0,1,0,1,0,0,0,2,1,1,0,1,1,4
uuid:00139,HH-KIR-0139,B. Nakato,2026-05-05 12:53:00,2026-05-05 13:32:00,2026-05-05,kiruhura,nyamarebe,-0.10319,30.76658,8.0,male,57.0,0.92,510.0,KR6,347.3,4846.0,False,,True,pruning,2,4,4,4,3,0,0,0,0,0,1,0,0,1,0,0,1,0,0,1
uuid:00406,HH-KIR-0406,E. Ainembabazi,2026-05-12 15:36:00,2026-05-12 16:16:00,2026-05-12,kiruhura,kicuzi,-0.17401,30.85957,5.0,male,40.0,1.38,468.0,KR5,350.0,6685.0,True,npk,True,post_harvest stumping,1,5,2,1,4,0,0,0,0,1,0,0,0,1,0,1,0,0,1,2
uuid:00149,HH-RUB-0149,F. Byaruhanga,2026-05-09 09:58:00,2026-05-09 10:31:00,2026-05-09,rubirizi,kicuzi,-0.35971,30.22715,7.0,male,36.0,0.95,455.0,KR2 KR7,478.7,5028.0,False,,False,,2,2,4,4,2,0,0,1,0,0,0,1,0,2,0,0,0,0,0,0
uuid:00403,HH-KIR-0403,B. Nakato,2026-05-10 10:18:00,2026-05-10 10:49:00,2026-05-10,kiruhura,rukiri,-0.10729,30.86116,7.0,female,71.0,4.29,451.0,KR10 KR3 KR5 KR7,2478.7,5913.0,True,npk,False,,3,5,4,2,2,0,1,0,1,1,0,1,0,4,0,0,0,0,0,0
uuid:00160,HH-KIR-0160,E. Ainembabazi,2026-05-11 09:53:00,2026-05-11 10:22:00,2026-05-11,kiruhura,nyamarebe,-0.18271,30.72174,7.0,male,51.0,2.21,383.0,KR3 KR6 KR7 KR9,1350.0,4431.0,True,organic,False,,1,1,5,3,1,0,0,0,1,0,1,1,1,4,0,0,0,0,0,0
uuid:00258,HH-IBA-0258,A. Tumusiime,2026-05-19 12:04:00,2026-05-19 12:45:00,2026-05-19,ibanda,nyamarebe,0.00824,30.66433,3.0,male,57.0,1.58,530.0,KR10,506.9,4695.0,True,organic,True,pest_scouting post_harvest shade_mgmt,4,1,5,1,4,0,1,0,0,0,0,0,0,1,1,1,0,1,0,3
uuid:00308,HH-RUB-0308,C. Kyomuhendo,2026-05-11 13:58:00,2026-05-11 14:05:00,2026-05-11,rubirizi,bisheshe,-0.32304,30.14667,8.0,female,34.0,3.3,402.0,KR2 KR6,2155.0,5153.0,False,,False,,4,4,4,5,3,0,0,1,0,0,1,0,0,2,0,0,0,0,0,0
uuid:00331,HH-KIR-0331,B. Nakato,2026-05-20 13:34:00,2026-05-20 14:13:00,2026-05-20,kiruhura,rukiri,-0.20435,30.90136,7.0,female,32.0,5.81,336.0,KR6,3286.3,5830.0,True,organic,True,shade_mgmt stumping,5,5,1,1,1,0,0,0,0,0,1,0,0,1,0,0,0,1,1,2
uuid:00329,HH-RUB-0329,F. Byaruhanga,2026-05-10 16:37:00,2026-05-10 17:12:00,2026-05-10,rubirizi,bisheshe,-0.25026,30.24488,5.0,female,40.0,1.41,433.0,KR1 KR2 KR6 KR9,910.4,4689.0,False,,True,post_harvest,1,2,1,3,1,1,0,1,0,0,1,0,1,4,0,1,0,0,0,1
uuid:00229,HH-KIR-0229,B. Nakato,2026-05-10 08:20:00,2026-05-10 08:43:00,2026-05-10,kiruhura,nyamarebe,-0.22723,30.96218,7.0,male,52.0,4.23,412.0,KR10 KR2 KR3,2493.7,5646.0,False,,True,pest_scouting shade_mgmt stumping,5,4,5,3,2,0,1,1,1,0,0,0,0,3,1,0,0,1,1,3
uuid:00126,HH-IBA-0126,A. Tumusiime,2026-05-17 09:44:00,2026-05-17 10:10:00,2026-05-17,ibanda,nyamarebe,-0.09615,30.59431,7.0,male,30.0,5.33,525.0,KR6 KR9,3497.4,4837.0,True,organic,False,,1,5,2,4,2,0,0,0,0,0,1,0,1,2,0,0,0,0,0,0
uuid:00419,HH-RUB-0419,F. Byaruhanga,2026-05-17 10:05:00,2026-05-17 11:02:00,2026-05-17,rubirizi,kicuzi,-0.3729,30.0714,3.0,male,46.0,3.12,567.0,KR9,3063.2,3976.0,False,,True,pruning stumping,4,1,4,1,3,0,0,0,0,0,0,0,1,1,0,0,1,0,1,2
uuid:00410,HH-RUB-0410,C. Kyomuhendo,2026-05-17 15:04:00,2026-05-17 15:10:00,2026-05-17,rubirizi,rukiri,-0.20129,30.07064,5.0,male,46.0,1.84,409.0,KR1 KR5 KR9,1102.1,5363.0,True,dap,False,,2,3,1,1,5,1,0,0,0,1,0,0,1,3,0,0,0,0,0,0
uuid:00236,HH-RUB-0236,C. Kyomuhendo,2026-05-19 15:33:00,2026-05-19 15:40:00,2026-05-19,rubirizi,rukiri,-0.33245,30.19388,4.0,male,21.0,1.23,597.0,KR6 KR9,715.4,5096.0,False,,True,pest_scouting stumping,2,4,1,1,3,0,0,0,0,0,1,0,1,2,1,0,0,0,1,2
uuid:00153,HH-IBA-0153,D. Mugisha,2026-05-08 13:51:00,2026-05-08 14:29:00,2026-05-08,ibanda,nyamarebe,-0.0745,30.53123,9.0,male,52.0,2.84,705.0,KR2 KR3 KR7,1357.0,5139.0,False,,True,post_harvest pruning,3,1,5,1,1,0,0,1,1,0,0,1,0,3,0,1,1,0,0,2
uuid:00244,HH-KIR-0244,E. Ainembabazi,2026-05-22 15:58:00,2026-05-22 16:24:00,2026-05-22,kiruhura,nyamarebe,-0.14584,30.95289,7.0,female,49.0,3.44,404.0,KR1 KR10 KR6 KR9,2250.0,5471.0,True,npk,False,,5,2,1,3,1,1,1,0,0,0,1,0,1,4,0,0,0,0,0,0
uuid:00354,HH-IBA-0354,A. Tumusiime,2026-05-20 09:38:00,2026-05-20 10:26:00,2026-05-20,ibanda,rukiri,-0.10876,30.5261,5.0,male,32.0,4.43,,KR6 KR9,2415.2,5564.0,True,organic,False,,1,1,1,2,2,0,0,0,0,0,1,0,1,2,0,0,0,0,0,0
uuid:00230,HH-RUB-0230,C. Kyomuhendo,2026-05-15 08:51:00,2026-05-15 08:55:00,2026-05-15,rubirizi,bisheshe,-0.22855,30.12859,4.0,male,55.0,1.98,604.0,KR1 KR2 KR9,937.5,3495.0,False,,True,pest_scouting post_harvest shade_mgmt stumping,4,4,1,3,1,1,0,1,0,0,0,0,1,3,1,1,0,1,1,4
uuid:00016,HH-KIR-0016,E. Ainembabazi,2026-05-15 09:01:00,2026-05-15 09:29:00,2026-05-15,kiruhura,nyamarebe,-0.24337,30.70821,6.0,male,58.0,1.1,398.0,KR5 KR6 KR7,850.0,5404.0,False,,False,,2,5,4,2,1,0,0,0,0,1,1,1,0,3,0,0,0,0,0,0
uuid:00074,HH-RUB-0074,C. Kyomuhendo,2026-05-19 16:14:00,2026-05-19 16:18:00,2026-05-19,rubirizi,nyamarebe,-0.12672,30.12073,10.0,female,34.0,3.57,241.0,KR1 KR7,2209.9,5877.0,False,,True,pest_scouting post_harvest pruning,5,2,1,2,2,1,0,0,0,0,0,1,0,2,1,1,1,0,0,3
uuid:00176,HH-RUB-0176,C. Kyomuhendo,2026-05-04 15:36:00,2026-05-04 15:43:00,2026-05-04,rubirizi,rukiri,-0.2066,30.0042,6.0,male,52.0,2.31,548.0,KR10,1254.7,4599.0,False,,False,,3,1,3,2,3,0,1,0,0,0,0,0,0,1,0,0,0,0,0,0
uuid:00338,HH-RUB-0338,C. Kyomuhendo,2026-05-19 13:09:00,2026-05-19 13:12:00,2026-05-19,rubirizi,rukiri,-0.28945,30.15029,8.0,male,21.0,3.47,361.0,KR2 KR5,2189.1,6024.0,True,dap,False,,2,5,1,1,2,0,0,1,0,1,0,0,0,2,0,0,0,0,0,0
